City,Firm name,Practice areas,Practice area buckets,Address,Phone,Website,Google rating,Review count,Google Maps URL,Has website (Y/N),Notes
Auburndale,Law Office of Ryan Cappy,Personal Injury,Personal Injury,"522 Magnolia Ave, Auburndale, FL 33823",(813) 512-6011,http://www.cappylaw.com/,5,1,https://www.google.com/maps/search/?api=1&query=Law%20Office%20of%20Ryan%20Cappy&query_place_id=ChIJuaDXGlJr3YgRsJTOnyVOdZc,Y,
Auburndale,Patriot Legal Group,"Estate Planning, Real Estate","Estate/Probate, Real Estate","10 Bobby Green Plaza, Auburndale, FL 33823",(863) 332-2114,https://www.patriotlegal.com/,4.1,22,https://www.google.com/maps/search/?api=1&query=Patriot%20Legal%20Group&query_place_id=ChIJp8fMjnlr3YgRkzds9t5ONLg,Y,
Auburndale,Patriot Title Law,Real Estate,Real Estate,"10 Bobby Green Plaza, Auburndale, FL 33823",(863) 663-6343,https://patriottitlelaw.com/,,,https://www.google.com/maps/search/?api=1&query=Patriot%20Title%20Law&query_place_id=ChIJ6_JlR01r3YgRhuTeiM_n-SU,Y,Title company operated as a real estate law firm (categories include Real estate attorney) - kept
Bartow,580 Bartow LLC,General/Unspecified,General,"580 E Main St, Bartow, FL 33830",(863) 533-4400,,4.7,3,https://www.google.com/maps/search/?api=1&query=580%20Bartow%20LLC&query_place_id=ChIJs4_AWL4X3YgR-oCpIZ4jyAE,N,
Bartow,"Advocate Law Firm, P.A.","Family Law, Divorce",Family/Divorce,"620 Polk St Building A, Bartow, FL 33830",(863) 644-5566,https://www.everarguedwithawoman.com/,4.3,105,https://www.google.com/maps/search/?api=1&query=Advocate%20Law%20Firm%2C%20P.A.&query_place_id=ChIJj32Ar8YX3YgRU0N7sz8Y5Pc,Y,
Bartow,Bartow Office,Administrative Law,Business,"415 E Main St #801, Bartow, FL 33830",,,5,1,https://www.google.com/maps/search/?api=1&query=Bartow%20Office&query_place_id=ChIJ_yGF_20X3YgR6TdrY8Gl3Eo,N,
Bartow,"Blenk Law, PA",General/Unspecified,General,"158 E Summerlin St, Bartow, FL 33830",(863) 534-3555,http://criminalattorneypolk.com/,4.3,25,https://www.google.com/maps/search/?api=1&query=Blenk%20Law%2C%20PA&query_place_id=ChIJX3cjC78X3YgR2tFb6ENOraM,Y,
Bartow,Boswell & Dunlap LLP,"Bankruptcy, Civil Litigation, Criminal Defense, Estate Planning, Family Law, Personal Injury, Real Estate","Business, General, Criminal/DUI, Estate/Probate, Family/Divorce, Personal Injury, Real Estate","245 S Central Ave, Bartow, FL 33830",(863) 533-7117,https://www.bosdun.com/,4.4,64,https://www.google.com/maps/search/?api=1&query=Boswell%20%26%20Dunlap%20LLP&query_place_id=ChIJ3bbhwL8X3YgRKi7YafgB6vY,Y,
Bartow,Bouchillon K C,General/Unspecified,General,"310 E Main St, Bartow, FL 33830",(863) 202-8922,,5,1,https://www.google.com/maps/search/?api=1&query=Bouchillon%20K%20C&query_place_id=ChIJIdZ_VL4X3YgRu746KP5ZdfI,N,
Bartow,"Brewer & Wilson, PLLC - Bartow Office",Criminal Defense,Criminal/DUI,"310 E Main St, Bartow, FL 33830",(863) 658-3833,http://www.brewerandwilson.com/,4.6,9,https://www.google.com/maps/search/?api=1&query=Brewer%20%26%20Wilson%2C%20PLLC%20-%20Bartow%20Office&query_place_id=ChIJtXxoMAQX3YgR-XkVyMLZoHc,Y,
Bartow,Combee Law Firm,General/Unspecified,General,"341 W Davidson St #302, Bartow, FL 33830",(863) 519-0314,http://www.combeelawfirm.com/,1,2,https://www.google.com/maps/search/?api=1&query=Combee%20Law%20Firm&query_place_id=ChIJ_3aEisAX3YgRk97fWwqJ8zc,Y,
Bartow,Criminal Conflict And Civil Regional Counsel,Criminal Defense,Criminal/DUI,"622 Polk St, Bartow, FL 33830",(863) 534-3689,,2.1,23,https://www.google.com/maps/search/?api=1&query=Criminal%20Conflict%20And%20Civil%20Regional%20Counsel&query_place_id=ChIJl4EXq8YX3YgRI0n06_GqYaY,N,
Bartow,David Carmichael BCS,General/Unspecified,General,"245 S Central Ave, Bartow, FL 33830",(863) 733-9119,,2.5,4,https://www.google.com/maps/search/?api=1&query=David%20Carmichael%20BCS&query_place_id=ChIJ3bbhwL8X3YgR3AsuuesRigM,N,
Bartow,Donaldson Law,General/Unspecified,General,"130 E Davidson St, Bartow, FL 33830",(407) 270-5025,https://www.donaldsonlawpa.com/,1,1,https://www.google.com/maps/search/?api=1&query=Donaldson%20Law&query_place_id=ChIJSYAveTsX3YgRsSMQaGqOuUc,Y,
Bartow,"Frost Law Firm, PA","Family Law, Divorce, Personal Injury","Family/Divorce, Personal Injury","395 S Central Ave, Bartow, FL 33830",(863) 533-0314,https://www.frostpa.com/,4.3,13,https://www.google.com/maps/search/?api=1&query=Frost%20Law%20Firm%2C%20PA&query_place_id=ChIJnzpq3r8X3YgRCteIvA_8d-0,Y,
Bartow,George T. Dunlap III,General/Unspecified,General,"245 S Central Ave, Bartow, FL 33830",(863) 533-7117,http://www.bosdun.com/,5,1,https://www.google.com/maps/search/?api=1&query=George%20T.%20Dunlap%20III&query_place_id=ChIJ3bbhwL8X3YgRGMyc1ocETWc,Y,
Bartow,Heart of Florida Legal Aid,"Family Law, Divorce",Family/Divorce,"550 E Davidson St, Bartow, FL 33830",(863) 519-5663,http://www.hofla.org/,3,36,https://www.google.com/maps/search/?api=1&query=Heart%20of%20Florida%20Legal%20Aid&query_place_id=ChIJWTNfhb4X3YgRzAnmZ_1eeEU,Y,
Bartow,John Liguori,General/Unspecified,General,"345 W Davidson St #201, Bartow, FL 33830",(863) 533-6143,,4.8,43,https://www.google.com/maps/search/?api=1&query=John%20Liguori&query_place_id=ChIJuZGhisAX3YgRP0YRamiEWwQ,N,
Bartow,"Joshua E. Schoen, P.A.",Criminal Defense,Criminal/DUI,"620 Polk St, Bartow, FL 33830",(863) 660-2185,http://www.joshlawfirm.com/,5,5,https://www.google.com/maps/search/?api=1&query=Joshua%20E.%20Schoen%2C%20P.A.&query_place_id=ChIJ__9rqcYX3YgR02JX5FKXvc0,Y,
Bartow,"Karen I. Meeks, P.A","Family Law, Criminal Defense","Family/Divorce, Criminal/DUI","160 E Summerlin St #208, Bartow, FL 33830",(863) 534-8300,,3.3,17,https://www.google.com/maps/search/?api=1&query=Karen%20I.%20Meeks%2C%20P.A&query_place_id=ChIJKfxBds8X3YgRfaonNTgYmkQ,N,
Bartow,Kelley W Collier PA,Criminal Defense,Criminal/DUI,"1125 E Main St, Bartow, FL 33830",(863) 534-9318,https://www.legalmatch.com/home/atty/profilePopUp.do?attorneyNumber=1912843747988A&profileId=1475991&ia=true,3.7,83,https://www.google.com/maps/search/?api=1&query=Kelley%20W%20Collier%20PA&query_place_id=ChIJe3QgH6MX3YgRe5dw8kMZ1EU,Y,
Bartow,Lasseigne & Ladner P.A. Attorneys at Law,General/Unspecified,General,"205 N Mill Ave, Bartow, FL 33830",(863) 422-2047,https://rymap.org/business/lasseigne-ladner-pa-attorneys-at-law-f8ctvb,4.4,33,https://www.google.com/maps/search/?api=1&query=Lasseigne%20%26%20Ladner%20P.A.%20Attorneys%20at%20Law&query_place_id=ChIJmfv3_sAX3YgRP_9ebcF5qjQ,Y,
Bartow,"Law Office of Cory Chastang, PA",Criminal Defense,Criminal/DUI,"510 S Broadway Ave, Bartow, FL 33830",(863) 400-5810,https://www.chastanglaw.com/?npcmp=dir:local:5369904:33830,4.7,14,https://www.google.com/maps/search/?api=1&query=Law%20Office%20of%20Cory%20Chastang%2C%20PA&query_place_id=ChIJmcjH4yYX3YgRzdWXTjQIilk,Y,
Bartow,"Law Office of Michael Dicks, P.A.","Family Law, Civil Litigation, Criminal Defense, Personal Injury","Family/Divorce, General, Criminal/DUI, Personal Injury","580 E Main St, Bartow, FL 33830",(863) 533-0507,http://michaeldickslaw.com/,4.7,49,https://www.google.com/maps/search/?api=1&query=Law%20Office%20of%20Michael%20Dicks%2C%20P.A.&query_place_id=ChIJp1K_Z74X3YgRSYVjPHQqceQ,Y,
Bartow,Law Office of Robert A. Norgard,Criminal Defense,Criminal/DUI,"310 E Main St, Bartow, FL 33830",(863) 533-8556,https://www.norgardlaw.com/,3.4,5,https://www.google.com/maps/search/?api=1&query=Law%20Office%20of%20Robert%20A.%20Norgard&query_place_id=ChIJ_3aEisAX3YgR1Ul5gfv-B2Q,Y,
Bartow,Lobb & Mohr,"Family Law, Criminal Defense","Family/Divorce, Criminal/DUI","295 W Summerlin St, Bartow, FL 33830",(863) 533-4433,https://www.lobbmohr.com/,4.7,108,https://www.google.com/maps/search/?api=1&query=Lobb%20%26%20Mohr&query_place_id=ChIJAwqZDsAX3YgR8hiTBFNTUsQ,Y,
Bartow,"Lopez & Humphries, P.A. - Car Accident Lawyers - Bartow",Personal Injury,Personal Injury,"205 N Mill Ave, Bartow, FL 33830",(863) 774-3407,https://www.lopezandhumphries.com/?fct=001&utm_source=GMB&utm_medium=organic&utm_campaign=bartow,4.7,28,https://www.google.com/maps/search/?api=1&query=Lopez%20%26%20Humphries%2C%20P.A.%20-%20Car%20Accident%20Lawyers%20-%20Bartow&query_place_id=ChIJgdibwodt3YgRx6cNXEWphW4,Y,
Bartow,"Mark A. Taylor, PA","Criminal Defense, Personal Injury","Criminal/DUI, Personal Injury","341 W Davidson St #302, Bartow, FL 33830",(863) 519-7100,,4.5,16,https://www.google.com/maps/search/?api=1&query=Mark%20A.%20Taylor%2C%20PA&query_place_id=ChIJM29A-1MX3YgRDewBI01xtqE,N,
Bartow,McKinley Law Firm,General/Unspecified,General,"190 E Davidson St, Bartow, FL 33830",(863) 533-6698,http://www.mckinleylaw.net/,3.8,27,https://www.google.com/maps/search/?api=1&query=McKinley%20Law%20Firm&query_place_id=ChIJ0zcrDL8X3YgRPRa44DGxzXo,Y,Multi-branch: 2 Polk County locations for this firm
Bartow,"McNelis Law, P.A.","Family Law, Criminal Defense","Family/Divorce, Criminal/DUI","158 E Summerlin St, Bartow, FL 33830",(863) 537-7370,https://www.mcnelislawpa.com/,4.3,31,https://www.google.com/maps/search/?api=1&query=McNelis%20Law%2C%20P.A.&query_place_id=ChIJeXkFv78X3YgRQT15fd9Udoo,Y,
Bartow,Miller Keith D,General/Unspecified,General,"245 S Central Ave, Bartow, FL 33830",(863) 533-7117,https://www.bosdun.com/team/keith-d-miller/,4,4,https://www.google.com/maps/search/?api=1&query=Miller%20Keith%20D&query_place_id=ChIJ3bbhwL8X3YgRGNnj1iMHkwc,Y,
Bartow,"Moody Law, P.A.",Personal Injury,Personal Injury,"575 N Broadway Ave, Bartow, FL 33830",(863) 456-7847,https://www.moodylaw.com/locations/bartow-office/,4.9,69,https://www.google.com/maps/search/?api=1&query=Moody%20Law%2C%20P.A.&query_place_id=ChIJ15qoUr8X3YgR56a3zLIvvhg,Y,Multi-branch: 2 Polk County locations for this firm
Bartow,Musca Law,General/Unspecified,General,"240 N Broadway Ave, Bartow, FL 33830",(888) 484-5057,https://www.muscalaw.com/locations/bartow,5,1,https://www.google.com/maps/search/?api=1&query=Musca%20Law&query_place_id=ChIJKf0ZDwAX3YgR35B3wflYWQM,Y,Multi-branch: 2 Polk County locations for this firm
Bartow,Nathaniel White Attorney At Law,"Criminal Defense, Divorce, Family Law","Criminal/DUI, Family/Divorce","515 E Main St, Bartow, FL 33830",(863) 534-3617,,4.5,27,https://www.google.com/maps/search/?api=1&query=Nathaniel%20White%20Attorney%20At%20Law&query_place_id=ChIJZThVZL4X3YgR0Gj1j0_hDqQ,N,
Bartow,Parker Sean R,General/Unspecified,General,"245 S Central Ave, Bartow, FL 33830",(863) 533-7117,https://www.bosdun.com/team/sean-r-parker/,3,2,https://www.google.com/maps/search/?api=1&query=Parker%20Sean%20R&query_place_id=ChIJ3bbhwL8X3YgRgT55fwnPjfU,Y,
Bartow,Saunders Law Group,General/Unspecified,General,"480 S Broadway Ave, Bartow, FL 33830",(863) 533-6200,https://www.saunders-law.com/?npcmp=dir:local:3972853:33830,4.2,37,https://www.google.com/maps/search/?api=1&query=Saunders%20Law%20Group&query_place_id=ChIJdwGsQpUX3YgRRG1QonWo5_o,Y,
Bartow,Sensabaugh Terry K,Family Law,Family/Divorce,"1685 Margaret Ave, Bartow, FL 33830",(863) 205-6363,,5,1,https://www.google.com/maps/search/?api=1&query=Sensabaugh%20Terry%20K&query_place_id=ChIJlQ8RpfMX3YgRR3HBL1g8pEg,N,
Bartow,State Attorney's Office 10th Judicial Circuit,Criminal Defense,Criminal/DUI,"255 N Broadway Ave, Bartow, FL 33830",(863) 534-4800,http://www.sao10.com/,2.6,17,https://www.google.com/maps/search/?api=1&query=State%20Attorney's%20Office%2010th%20Judicial%20Circuit&query_place_id=ChIJoaOsbr8X3YgRPVx6rAL3S9k,Y,
Bartow,Stidham & Stidham,General/Unspecified,General,"150 E Davidson St, Bartow, FL 33830",(863) 533-0866,http://www.stidhamlawyers.com/,3.4,5,https://www.google.com/maps/search/?api=1&query=Stidham%20%26%20Stidham&query_place_id=ChIJM2dxDb8X3YgReUj3sGwb4I0,Y,
Bartow,Sutton Law Firm,Family Law,Family/Divorce,"325 W Main St, Bartow, FL 33830",(863) 400-3401,https://www.suttonlawfirm.net/locations/bartow-office/,4.5,72,https://www.google.com/maps/search/?api=1&query=Sutton%20Law%20Firm&query_place_id=ChIJD0M_Z_UX3YgR_U8JE41gjNo,Y,Multi-branch: 2 Polk County locations for this firm
Bartow,"The Buerger Law Firm, P.A.",Criminal Defense,Criminal/DUI,"766 E Main St, Bartow, FL 33830",(863) 537-7907,https://www.attorneybuerger.com/?utm_source=google-my-business&utm_medium=organic&utm_campaign=gmb&utm_term=winter-haven-fl&utm_content=website,5,8,https://www.google.com/maps/search/?api=1&query=The%20Buerger%20Law%20Firm%2C%20P.A.&query_place_id=ChIJD2ajTbwX3YgRdLLE5A2fYQA,Y,
Bartow,The Concepcion Law Firm,Criminal Defense,Criminal/DUI,"113 E Main St Ste 2, Bartow, FL 33830",(863) 900-5297,http://www.concepcionlawfirm.com/,4.9,25,https://www.google.com/maps/search/?api=1&query=The%20Concepcion%20Law%20Firm&query_place_id=ChIJJ1TqkBc53YgRJfJ6FFHCNuw,Y,
Bartow,The Flynn Law Group,Criminal Defense,Criminal/DUI,"345 W Davidson St, Bartow, FL 33830",(863) 533-6707,,4.5,10,https://www.google.com/maps/search/?api=1&query=The%20Flynn%20Law%20Group&query_place_id=ChIJlyP0XsAX3YgRYGLeo3bq3d4,N,
Bartow,The Franklin Law Firm PA,General/Unspecified,General,"343 W Davidson St #103, Bartow, FL 33830",(863) 519-0700,,4.3,18,https://www.google.com/maps/search/?api=1&query=The%20Franklin%20Law%20Firm%20PA&query_place_id=ChIJGR7SYMAX3YgR6HDW5KFro5I,N,
Bartow,"The Law Firm of Gil Colón, Jr.","Family Law, Criminal Defense","Family/Divorce, Criminal/DUI","325 E Davidson St, Bartow, FL 33830",(863) 622-9602,https://www.gilcolonjr.com/?utm_source=referral&utm_medium=gbp&utm_campaign=gbp,4.7,283,https://www.google.com/maps/search/?api=1&query=The%20Law%20Firm%20of%20Gil%20Col%C3%B3n%2C%20Jr.&query_place_id=ChIJewRe-L4X3YgRrAA1DyALYO4,Y,Multi-branch: 2 Polk County locations for this firm
Bartow,"The Rivas Law Firm, P.A.",Criminal Defense,Criminal/DUI,"115 E Main St Ste 3, Bartow, FL 33830",(407) 553-9344,https://theorlandocriminaldefense.com/,3,2,https://www.google.com/maps/search/?api=1&query=The%20Rivas%20Law%20Firm%2C%20P.A.&query_place_id=ChIJecSYBHEX3YgRL0Kng6USwzw,Y,
Bartow,The Rodriguez Law Office,Criminal Defense,Criminal/DUI,"690 E Davidson St, Bartow, FL 33830",(863) 774-4556,https://www.rodriguezcriminaldefense.com/,4.9,127,https://www.google.com/maps/search/?api=1&query=The%20Rodriguez%20Law%20Office&query_place_id=ChIJdf7li6gX3YgRAEkdd2GOMSg,Y,
Bartow,The Wright Law Firm,General/Unspecified,General,"415 E Main St, Bartow, FL 33830",(863) 529-4842,,5,1,https://www.google.com/maps/search/?api=1&query=The%20Wright%20Law%20Firm&query_place_id=ChIJ58pGXL4X3YgR7gGGdzORk4A,N,
Bartow,Wilson Jr Donald H,General/Unspecified,General,"245 S Central Ave, Bartow, FL 33830",(863) 533-7117,http://www.bosdun.com/,5,1,https://www.google.com/maps/search/?api=1&query=Wilson%20Jr%20Donald%20H&query_place_id=ChIJ3bbhwL8X3YgRvh5jWD1306A,Y,
Haines City,Abrahamson & Uiterwyk Car Accident and Personal Injury Lawyers,"Personal Injury, Civil Litigation, Elder Law, Insurance","Personal Injury, General, Estate/Probate","651 E Main St Ste d, Haines City, FL 33844",(863) 400-1733,https://www.theinjurylawyers.com/haines-city-car-accident-lawyer/?utm_medium=organic&utm_source=gmb&utm_campaign=website&utm_term=hainescity,5,29,https://www.google.com/maps/search/?api=1&query=Abrahamson%20%26%20Uiterwyk%20Car%20Accident%20and%20Personal%20Injury%20Lawyers&query_place_id=ChIJO44MlRFz3YgRooKUjDUHwfo,Y,Multi-branch: 3 Polk County locations for this firm
Haines City,Aponte & Associates-Abogados,General/Unspecified,General,"1920 Verano Dr, Haines City, FL 33844",(863) 438-7451,,,,https://www.google.com/maps/search/?api=1&query=Aponte%20%26%20Associates-Abogados&query_place_id=ChIJ5Y-zXHRz3YgRQAhZLxsgcEo,N,
Haines City,Brandon Family Law Center LLC,Family Law,Family/Divorce,"619 E Lumsden Rd, Haines City, FL 33844",(863) 588-4444,,,,https://www.google.com/maps/search/?api=1&query=Brandon%20Family%20Law%20Center%20LLC&query_place_id=ChIJxXCv3Oxz3YgRTfTWXs6fpEY,N,
Haines City,Dynamic Pro Advisors,General/Unspecified,General,"651 E Main St Ste 3, Haines City, FL 33844",(689) 318-1362,http://dynamicproadvisors.net/,4.9,34,https://www.google.com/maps/search/?api=1&query=Dynamic%20Pro%20Advisors&query_place_id=ChIJMXLM9HRz3YgRIFqj9EAXnhM,Y,
Haines City,Feddeler III Carl A,General/Unspecified,General,"Haines City, FL 33844",(863) 688-7766,http://www.all-injuries.com/,,,https://www.google.com/maps/search/?api=1&query=Feddeler%20III%20Carl%20A&query_place_id=ChIJxXCv3Oxz3YgRn_Fo-Z5uKgo,Y,
Haines City,Fred Reilly,General/Unspecified,General,"33 N 6th St, Haines City, FL 33844",(863) 242-5467,,1,2,https://www.google.com/maps/search/?api=1&query=Fred%20Reilly&query_place_id=ChIJMan7Cb5z3YgR6ydnHoRY4X0,N,
Haines City,Haff Tula Michele,General/Unspecified,General,"135 N 6th St Second Floor, Haines City, FL 33844",(863) 421-2626,,3.8,6,https://www.google.com/maps/search/?api=1&query=Haff%20Tula%20Michele&query_place_id=ChIJo45qFr5z3YgRGdXGFlxjQ2I,N,
Haines City,Howell & Thornhill - Haines City,"Personal Injury, Civil Litigation, Insurance","Personal Injury, General","135 N 6th St Ste C, Haines City, FL 33844",(863) 293-3166,https://howellthornhill.com/office-locations/howell-thornhill-haines-city/?utm_source=gbp&utm_medium=organic&utm_campaign=gbp-website-haines-city,4.9,39,https://www.google.com/maps/search/?api=1&query=Howell%20%26%20Thornhill%20-%20Haines%20City&query_place_id=ChIJxxOHdb5z3YgR_fmHlMNWsmY,Y,
Haines City,Humphries Kevin,General/Unspecified,General,"19 N 6th St, Haines City, FL 33844",(863) 422-1020,,5,1,https://www.google.com/maps/search/?api=1&query=Humphries%20Kevin&query_place_id=ChIJgbBt5L1z3YgROMYeSRjuDW0,N,
Haines City,Kennedy Law Group,General/Unspecified,General,"Haines City, FL 33844",(863) 422-2277,http://www.kennedylawgroup.com/,,,https://www.google.com/maps/search/?api=1&query=Kennedy%20Law%20Group&query_place_id=ChIJxXCv3Oxz3YgRG0Dbnl_4R3M,Y,
Haines City,Lasseigne and Ladner,General/Unspecified,General,"105 McKay Dr #4000, Haines City, FL 33844",(863) 422-2216,http://www.lasseigneandladner.com/,4,48,https://www.google.com/maps/search/?api=1&query=Lasseigne%20and%20Ladner&query_place_id=ChIJQ9Wmcrpz3YgR6jP3gAYdl-A,Y,
Haines City,Lopez Melodie,General/Unspecified,General,"19 N 6th St, Haines City, FL 33844",(863) 422-1020,,,,https://www.google.com/maps/search/?api=1&query=Lopez%20Melodie&query_place_id=ChIJgbBt5L1z3YgRRyIfdXcPa14,N,Multi-branch: 2 Polk County locations for this firm
Haines City,Nettleton Robert C,General/Unspecified,General,"702 E Main St, Haines City, FL 33844",(863) 422-6484,,5,1,https://www.google.com/maps/search/?api=1&query=Nettleton%20Robert%20C&query_place_id=ChIJ34of4b1z3YgRlyo-vRjGIHQ,N,
Haines City,"Smith Feddeler & Smith, P.A.",General/Unspecified,General,"Haines City, FL 33844",(863) 420-6868,,,,https://www.google.com/maps/search/?api=1&query=Smith%20Feddeler%20%26%20Smith%2C%20P.A.&query_place_id=ChIJxXCv3Oxz3YgRAAZkX66x5fQ,N,
Haines City,"The Law Firm of Gil Colón, Jr.",Criminal Defense,Criminal/DUI,"95 S 10th St, Haines City, FL 33844",(863) 534-3777,https://www.gilcolonjr.com/,3,4,https://www.google.com/maps/search/?api=1&query=The%20Law%20Firm%20of%20Gil%20Col%C3%B3n%2C%20Jr.&query_place_id=ChIJMQpRV5Zz3YgROH65DNrFfmM,Y,Multi-branch: 2 Polk County locations for this firm
Haines City,"The Law Offices of Markeishia L Smith, PA",Civil Litigation,General,"408 S 10th St, Haines City, FL 33844",(863) 866-9917,https://www.thesmithlawfirm.org/,4.7,28,https://www.google.com/maps/search/?api=1&query=The%20Law%20Offices%20of%20Markeishia%20L%20Smith%2C%20PA&query_place_id=ChIJDeHMRdFz3YgRBqbOLT8V5LA,Y,
Haines City,Tropical Multi Services LLC,Tax,Business,"39 N 11th St, Haines City, FL 33844",(863) 353-5449,https://www.tropicalmultiservices.com/,4.9,436,https://www.google.com/maps/search/?api=1&query=Tropical%20Multi%20Services%20LLC&query_place_id=ChIJYaATzdJz3YgRBCH8SJow-Gg,Y,
Lake Wales,Abogada De la Fe/Lilly & Brown LLP,Immigration,Immigration,"815 FL-60 Ste b, Lake Wales, FL 33853",(863) 294-8114,http://www.abogadadelafe.com/,,,https://www.google.com/maps/search/?api=1&query=Abogada%20De%20la%20Fe%2FLilly%20%26%20Brown%20LLP&query_place_id=ChIJ6VlHwbgJ3YgR3Oz7HBfh3Es,Y,
Lake Wales,"Albert C. Galloway, Jr., PA",General/Unspecified,General,"116 E Stuart Ave, Lake Wales, FL 33853",(863) 679-5333,http://www.acgpa.net/,3.3,3,https://www.google.com/maps/search/?api=1&query=Albert%20C.%20Galloway%2C%20Jr.%2C%20PA&query_place_id=ChIJlUfqptgI3YgRq1hicuSWQGI,Y,
Lake Wales,D. Andrew Hunt P. A.,Estate Planning,Estate/Probate,"225 E Park Ave, Lake Wales, FL 33853",(863) 676-1423,http://dahuntlaw.com/,3.4,27,https://www.google.com/maps/search/?api=1&query=D.%20Andrew%20Hunt%20P.%20A.&query_place_id=ChIJOaCeTycJ3YgRw8CsYvOL21s,Y,
Lake Wales,Duke Samuel E,General/Unspecified,General,"100 S Scenic Hwy #107, Lake Wales, FL 33853",(863) 676-9461,,5,2,https://www.google.com/maps/search/?api=1&query=Duke%20Samuel%20E&query_place_id=ChIJIYCdPN8I3YgRdvghu-pOc5Y,N,
Lake Wales,Elizabeth A Stewart Pa: Stewart Elizabeth A,Family Law,Family/Divorce,"2 N 1st St #100, Lake Wales, FL 33853",(863) 676-4525,,4.8,12,https://www.google.com/maps/search/?api=1&query=Elizabeth%20A%20Stewart%20Pa%3A%20Stewart%20Elizabeth%20A&query_place_id=ChIJf35jfNgI3YgRJHqfRSp8cLg,N,
Lake Wales,Howell & Thornhill - Lake Wales,"Civil Litigation, General Practice, Insurance, Personal Injury","General, Personal Injury","2 S 1st St Ste 211, Lake Wales, FL 33853",(863) 293-3166,https://howellthornhill.com/office-locations/howell-thornhill-lake-wales/?utm_source=gbp&utm_medium=organic&utm_campaign=gmb-website-lake-wales,5,8,https://www.google.com/maps/search/?api=1&query=Howell%20%26%20Thornhill%20-%20Lake%20Wales&query_place_id=ChIJK-qMX94I3YgRG2Ff8O6Q8pM,Y,
Lake Wales,"JAY MCCLENDON, P.A.",General/Unspecified,General,"219 E Central Ave, Lake Wales, FL 33853",(863) 232-5200,https://jaymcclendon.com/,3.4,18,https://www.google.com/maps/search/?api=1&query=JAY%20MCCLENDON%2C%20P.A.&query_place_id=ChIJm9uartgI3YgRXlZRisyDeNE,Y,
Lake Wales,Kaylor Law Group: Rayes Matthew,General/Unspecified,General,"225 E Park Ave, Lake Wales, FL 33853",(863) 678-3300,,2,1,https://www.google.com/maps/search/?api=1&query=Kaylor%20Law%20Group%3A%20Rayes%20Matthew&query_place_id=ChIJOaCeTycJ3YgRASJQVgDw57Q,N,
Lake Wales,Law Office of Irene E. Pearce,General/Unspecified,General,"132 W Central Ave #1, Lake Wales, FL 33853",(407) 402-0159,,,,https://www.google.com/maps/search/?api=1&query=Law%20Office%20of%20Irene%20E.%20Pearce&query_place_id=ChIJ67gT8NcI3YgR2awM_jANies,N,
Lake Wales,"Law Offices of A.M. Stuckey, P.A","General Practice, Personal Injury","General, Personal Injury","37 W Central Ave, Lake Wales, FL 33853",(863) 676-6412,,3.5,13,https://www.google.com/maps/search/?api=1&query=Law%20Offices%20of%20A.M.%20Stuckey%2C%20P.A&query_place_id=ChIJifCkqWsJ3YgRhyyMeqCz8nA,N,
Lake Wales,"Lilly & Brown, LLP",General/Unspecified,General,"815 FL-60 Ste b, Lake Wales, FL 33853",(863) 676-1991,http://www.lillybrownlaw.com/?utm_source=GMB&utm_medium=organic&utm_campaign=LakeWales,5,25,https://www.google.com/maps/search/?api=1&query=Lilly%20%26%20Brown%2C%20LLP&query_place_id=ChIJAQAAACQJ3YgRSjZf38SVPAU,Y,Multi-branch: 2 Polk County locations for this firm
Lake Wales,Martin Joe T,General/Unspecified,General,"416 S 1st St, Lake Wales, FL 33853",(863) 676-6085,,5,1,https://www.google.com/maps/search/?api=1&query=Martin%20Joe%20T&query_place_id=ChIJfUL-LNoI3YgRzi7WB7Zllyw,N,
Lake Wales,Mc Kinley Law Firm,General/Unspecified,General,"33 W Service Road 60, Lake Wales, FL 33853",(863) 578-5951,http://www.mckinleylaw.net/,3,4,https://www.google.com/maps/search/?api=1&query=Mc%20Kinley%20Law%20Firm&query_place_id=ChIJq6qqqh4J3YgRvbmh95zsbjs,Y,
Lake Wales,McKinley Law Firm,General/Unspecified,General,"33 FL-60, Lake Wales, FL 33853",(863) 678-9776,https://www.mckinleylaw.net/,5,2,https://www.google.com/maps/search/?api=1&query=McKinley%20Law%20Firm&query_place_id=ChIJP-e-u_gI3YgRw2DXpkIl63I,Y,Multi-branch: 2 Polk County locations for this firm
Lake Wales,Michael T. Gallaher,Civil Litigation,General,"100 W Stuart Ave, Lake Wales, FL 33853",(863) 676-7611,http://www.petersonmyers.com/,3,2,https://www.google.com/maps/search/?api=1&query=Michael%20T.%20Gallaher&query_place_id=ChIJf35jfNgI3YgRelsUIglggc4,Y,
Lake Wales,Myers III C B,General/Unspecified,General,"Lake Wales, FL 33853",(863) 679-5337,,5,1,https://www.google.com/maps/search/?api=1&query=Myers%20III%20C%20B&query_place_id=ChIJlUfqptgI3YgRWHcHG47Y4bM,N,
Lake Wales,Ouellette Law Firm PA,Personal Injury,Personal Injury,"151 E Central Ave, Lake Wales, FL 33853",(863) 676-2455,,3.8,24,https://www.google.com/maps/search/?api=1&query=Ouellette%20Law%20Firm%20PA&query_place_id=ChIJDesBWScJ3YgRTYq8G93w3rc,N,
Lake Wales,Rosa Irizarry Immigration Law,Immigration,Immigration,"100 W Stuart Ave 3rd Floor, Lake Wales, FL 33853",(863) 274-6585,https://irizarrylawfirm.com/contact/,4.6,10,https://www.google.com/maps/search/?api=1&query=Rosa%20Irizarry%20Immigration%20Law&query_place_id=ChIJAVKPF8myHk0RwfpIvF5u6eQ,Y,
Lake Wales,Ruster Deborah A,General/Unspecified,General,"100 W Stuart Ave #300, Lake Wales, FL 33853",(863) 676-7611,,,,https://www.google.com/maps/search/?api=1&query=Ruster%20Deborah%20A&query_place_id=ChIJf35jfNgI3YgRXkHOPmOelT4,N,
Lake Wales,"Sara Jones Law, P.A.","Criminal Defense, Personal Injury","Criminal/DUI, Personal Injury","922 FL-60, Lake Wales, FL 33853",(863) 455-4811,http://joneslawjustice.com/,4.6,147,https://www.google.com/maps/search/?api=1&query=Sara%20Jones%20Law%2C%20P.A.&query_place_id=ChIJM-3_wOQI3YgReGoO9250NLw,Y,
Lake Wales,The Kohl Law Firm,"Bankruptcy, Criminal Defense, Divorce, Family Law","Business, Criminal/DUI, Family/Divorce","229 FL-60, Lake Wales, FL 33853",(863) 676-6800,,4.9,9,https://www.google.com/maps/search/?api=1&query=The%20Kohl%20Law%20Firm&query_place_id=ChIJUXvDzNAI3YgRqVz1NfPysLg,N,
Lake Wales,Thompson Wealth Advocates,General/Unspecified,General,"137 FL-60, Lake Wales, FL 33853",,,,,https://www.google.com/maps/search/?api=1&query=Thompson%20Wealth%20Advocates&query_place_id=ChIJR1cUs9AI3YgRnyRII1JXkkA,N,
Lake Wales,Tonya Stewart Law PA,"Criminal Defense, Personal Injury","Criminal/DUI, Personal Injury","299 E Stuart Ave, Lake Wales, FL 33853",(863) 279-4473,https://tonyastewartlaw.com/,4.9,49,https://www.google.com/maps/search/?api=1&query=Tonya%20Stewart%20Law%20PA&query_place_id=ChIJjTPhW24J3YgRDPLK5IHisws,Y,
Lake Wales,Weaver Loveless Law,Estate Planning,Estate/Probate,"240 E Park Ave, Lake Wales, FL 33853",(863) 676-6000,https://www.welovelaw.com/,4.9,96,https://www.google.com/maps/search/?api=1&query=Weaver%20Loveless%20Law&query_place_id=ChIJi0O3UycJ3YgRTAg4yviW_Pc,Y,
Lakeland,Abogado Hispano Clara Rodriguez Rokusek Testamento Escritura Quit Claim Deed Bancarrota Foreclosure Probate,"Real Estate, Bankruptcy, Civil Litigation, Estate Planning","Real Estate, Business, General, Estate/Probate","122 E Main St #186, Lakeland, FL 33801",(813) 514-8186,http://abogadaclara.com/,4.9,24,https://www.google.com/maps/search/?api=1&query=Abogado%20Hispano%20Clara%20Rodriguez%20Rokusek%20Testamento%20Escritura%20Quit%20Claim%20Deed%20Bancarrota%20Foreclosure%20Probate&query_place_id=ChIJBeF2J_M53YgR_FPsqtjxB9Q,Y,
Lakeland,Abogados de Accidentes ProLegal,Personal Injury,Personal Injury,"3003 Florida Ave S #102, Lakeland, FL 33803",(863) 250-2109,http://abogadosaccidentesprolegal.xyz/,,,https://www.google.com/maps/search/?api=1&query=Abogados%20de%20Accidentes%20ProLegal&query_place_id=ChIJF6-bEoI53YgRQmztrjRrqV8,Y,"Category ambiguity resolved: Google primary category was ""Lawyers association"" but business is a law firm (confirmed via secondary category/name)"
Lakeland,Abrahamson & Uiterwyk Car Accident and Personal Injury Lawyers,"Personal Injury, Civil Litigation, Elder Law, Insurance","Personal Injury, General, Estate/Probate","100 S Kentucky Ave #295, Lakeland, FL 33801",(863) 251-9449,https://www.theinjurylawyers.com/lakeland-florida-car-accident-lawyer-personal-injury-attorney-near-you/?utm_medium=organic&utm_source=gmb&utm_campaign=website&utm_term=lakeland,4.9,112,https://www.google.com/maps/search/?api=1&query=Abrahamson%20%26%20Uiterwyk%20Car%20Accident%20and%20Personal%20Injury%20Lawyers&query_place_id=ChIJnXRly-A53YgRNhBjFP1kQRY,Y,Multi-branch: 3 Polk County locations for this firm
Lakeland,"Alison Leffew, Attorney at Law",Family Law,Family/Divorce,"124 Florida Ave S #307, Lakeland, FL 33801",(863) 825-0003,https://lakelanddivorcelaw.com/,4.6,10,https://www.google.com/maps/search/?api=1&query=Alison%20Leffew%2C%20Attorney%20at%20Law&query_place_id=ChIJuVD442Q53YgRkKLMksqZCis,Y,
Lakeland,Allen Philip O,General/Unspecified,General,"225 E Lemon St Ste 300, Lakeland, FL 33801",(863) 683-6511,,,,https://www.google.com/maps/search/?api=1&query=Allen%20Philip%20O&query_place_id=ChIJUeMMBbU43YgRBNN2t2MYz1s,N,
Lakeland,Alpha Agency | Florida Private Investigators | TSCM,General/Unspecified,General,"1643 Williamsburg Square, Lakeland, FL 33803",(863) 808-0341,http://www.alphaagency.com/,3.8,16,https://www.google.com/maps/search/?api=1&query=Alpha%20Agency%20%7C%20Florida%20Private%20Investigators%20%7C%20TSCM&query_place_id=ChIJcZ5xRN0-3YgRWp1HjVvSSkE,Y,
Lakeland,Attorney Clara Rodriguez Rokusek Estate Planning Quit Claim Deed Bankruptcy Foreclosure Probate,"Real Estate, Estate Planning, Bankruptcy","Real Estate, Estate/Probate, Business","122 E Main St #186, Lakeland, FL 33801",(813) 514-8186,https://rokusek-law.com/,5,6,https://www.google.com/maps/search/?api=1&query=Attorney%20Clara%20Rodriguez%20Rokusek%20Estate%20Planning%20Quit%20Claim%20Deed%20Bankruptcy%20Foreclosure%20Probate&query_place_id=ChIJnUd2A0k53YgRFGzJdn_tOHU,Y,
Lakeland,Attorney John Waters,"Criminal Defense, Family Law","Criminal/DUI, Family/Divorce","206 Easton Dr, Lakeland, FL 33803",(863) 255-5193,https://johnwaterslaw.com/?utm_source=gbp&utm_medium=organic&utm_campaign=GoogleBusinessProfile,4.5,6,https://www.google.com/maps/search/?api=1&query=Attorney%20John%20Waters&query_place_id=ChIJY2EJLns53YgR7t8jYGi89BY,Y,
Lakeland,Attorney NPM,General/Unspecified,General,"212 E Pine St, Lakeland, FL 33801",(833) 288-9676,http://www.attorneynpm.com/,5,28,https://www.google.com/maps/search/?api=1&query=Attorney%20NPM&query_place_id=ChIJr0ZiQdvoKmcRI6lqG51u_UQ,Y,
Lakeland,Baker & DiSalvo Personal Injury Lawyers Lakeland,Personal Injury,Personal Injury,"20 Lake Wire Dr Ste 183, Lakeland, FL 33815",(863) 592-0750,https://www.bakerdisalvo.com/lakeland-injury/?utm_source=gbp&utm_medium=organic&utm_campaign=gbp_lakeland,5,13,https://www.google.com/maps/search/?api=1&query=Baker%20%26%20DiSalvo%20Personal%20Injury%20Lawyers%20Lakeland&query_place_id=ChIJJwveXIw53YgRz5Vx1-H6WQk,Y,
Lakeland,"Best Law, PLLC","Divorce, Estate Planning, Family Law","Family/Divorce, Estate/Probate","1869 N Crystal Lake Dr, Lakeland, FL 33801",(863) 333-0568,,3.8,15,https://www.google.com/maps/search/?api=1&query=Best%20Law%2C%20PLLC&query_place_id=ChIJHy1CoAo-3YgRseUlPHtMnfk,N,
Lakeland,"Bissi & Associates Disability Advocates, L.L.C.",Social Security Disability,General,"4406 Florida Ave S #20, Lakeland, FL 33813",(863) 666-2288,,4.3,6,https://www.google.com/maps/search/?api=1&query=Bissi%20%26%20Associates%20Disability%20Advocates%2C%20L.L.C.&query_place_id=ChIJl5xdrE053YgRdjj-WksnwSQ,N,
Lakeland,"Bracken, Valenti, & Warren, P.A.",Personal Injury,Personal Injury,"114 N Tennessee Ave Ste 200, Lakeland, FL 33801",(863) 648-0802,,4,4,https://www.google.com/maps/search/?api=1&query=Bracken%2C%20Valenti%2C%20%26%20Warren%2C%20P.A.&query_place_id=ChIJWSzTDU053YgRCvJSMe3MS00,N,
Lakeland,Brandon Jack P,General/Unspecified,General,"225 E Lemon St Ste 300, Lakeland, FL 33801",(863) 683-6511,,3,1,https://www.google.com/maps/search/?api=1&query=Brandon%20Jack%20P&query_place_id=ChIJUeMMBbU43YgRvlQWCKj_oCQ,N,
Lakeland,Brandt Edward P,General/Unspecified,General,"100 S Kentucky Ave, Lakeland, FL 33801",(863) 688-4442,,1,2,https://www.google.com/maps/search/?api=1&query=Brandt%20Edward%20P&query_place_id=ChIJiRAp6bQ43YgR21YZn8pnBeE,N,
Lakeland,Brooks Law Group - Lakeland Personal Injury Lawyer,Personal Injury,Personal Injury,"114 E Parker St, Lakeland, FL 33801",(863) 880-2658,https://brookslawgroup.com/lakeland/personal-injury-lawyer/?utm_source=google&utm_medium=organic&utm_campaign=gbp-listing-lakeland,4.9,116,https://www.google.com/maps/search/?api=1&query=Brooks%20Law%20Group%20-%20Lakeland%20Personal%20Injury%20Lawyer&query_place_id=ChIJL4RnReU73YgRSwaQfubUmpw,Y,
Lakeland,Brown Joshua K,General/Unspecified,General,"225 E Lemon St Ste 300, Lakeland, FL 33801",(863) 676-6934,http://www.petersonmyers.com/,5,1,https://www.google.com/maps/search/?api=1&query=Brown%20Joshua%20K&query_place_id=ChIJUeMMBbU43YgRU6y3r-i3bD4,Y,
Lakeland,"Brush & Coyle, P.A.",General/Unspecified,General,"825 E Main St, Lakeland, FL 33801",(863) 603-0563,http://www.lakeland-lawyers.com/,4.7,21,https://www.google.com/maps/search/?api=1&query=Brush%20%26%20Coyle%2C%20P.A.&query_place_id=ChIJxdmAYUk_3YgRwMEAR8T2qxQ,Y,
Lakeland,"Burnetti, P.A.",Personal Injury,Personal Injury,"211 Florida Ave S, Lakeland, FL 33801",(863) 204-3571,https://www.burnetti.com/lakeland/?utm_source=GMB&utm_medium=organic&utm_campaign=lakeland,4.7,508,https://www.google.com/maps/search/?api=1&query=Burnetti%2C%20P.A.&query_place_id=ChIJK2IpurU43YgREvS_zeCPzhM,Y,Multi-branch: 2 Polk County locations for this firm
Lakeland,C J Benefield Law Offices,General/Unspecified,General,"1715 Lakeland Hills Blvd, Lakeland, FL 33805",(863) 665-8378,,1,1,https://www.google.com/maps/search/?api=1&query=C%20J%20Benefield%20Law%20Offices&query_place_id=ChIJ8yiGTatA3YgR1Del3Fdmibk,N,
Lakeland,"C. MARTIN LAW, P.A.","Divorce, Family Law, Personal Injury","Family/Divorce, Personal Injury","238 N Massachusetts Ave Ste. G10, Lakeland, FL 33801",(863) 808-1799,,5,12,https://www.google.com/maps/search/?api=1&query=C.%20MARTIN%20LAW%2C%20P.A.&query_place_id=ChIJk4AG_ss43YgRIo-EBm55bVI,N,
Lakeland,Cagan & Cagan PLLC,Personal Injury,Personal Injury,"255 N Kentucky Ave #201, Lakeland, FL 33801",(352) 683-9100,http://www.caganlaw.com/,5,5,https://www.google.com/maps/search/?api=1&query=Cagan%20%26%20Cagan%20PLLC&query_place_id=ChIJv4uNZ7M43YgRjEB1wCP0yQg,Y,
Lakeland,"Campbell, Trohn, Tamayo & Aranda, PA",General/Unspecified,General,"1701 Florida Ave S, Lakeland, FL 33803",(863) 686-0043,https://www.cttalaw.com/,4.2,20,https://www.google.com/maps/search/?api=1&query=Campbell%2C%20Trohn%2C%20Tamayo%20%26%20Aranda%2C%20PA&query_place_id=ChIJFbQhc9Q43YgR3zERCERbMEc,Y,
Lakeland,"Candice Dixon Law, P.A,","Divorce, Family Law",Family/Divorce,"811 S Missouri Ave, Lakeland, FL 33815",(863) 225-7502,,5,10,https://www.google.com/maps/search/?api=1&query=Candice%20Dixon%20Law%2C%20P.A%2C&query_place_id=ChIJNcUSwpI53YgRQcbn7ibnGeM,N,
Lakeland,"Carroll Law Group, P.L.",General/Unspecified,General,"2000 E Edgewood Dr Ste 211, Lakeland, FL 33803",(863) 937-9100,https://dclglaw.com/,3.7,18,https://www.google.com/maps/search/?api=1&query=Carroll%20Law%20Group%2C%20P.L.&query_place_id=ChIJt8tYels-3YgR8dxbASE1aPU,Y,
Lakeland,Chris Kehoe Tax Law FL,Tax,Business,"122 E Main St #331, Lakeland, FL 33801",(863) 248-4447,http://taxproblemsflorida.com/,5,2,https://www.google.com/maps/search/?api=1&query=Chris%20Kehoe%20Tax%20Law%20FL&query_place_id=ChIJcai2wz853YgRkXf6ri1hVzY,Y,
Lakeland,Clark & Washington Attorneys and Counselors at Law,Bankruptcy,Business,"111 Florida Ave S, Lakeland, FL 33810",(863) 614-1383,http://www.cw13fl.com/,,,https://www.google.com/maps/search/?api=1&query=Clark%20%26%20Washington%20Attorneys%20and%20Counselors%20at%20Law&query_place_id=ChIJjy6rTrQ43YgRzUPW0X4Rpz0,Y,
Lakeland,"Clark, Campbell, Lancaster, Workman, & Airth, P.A.",Workers Comp,Personal Injury,"500 Florida Ave S #800, Lakeland, FL 33801",(863) 647-5337,http://cclmlaw.com/,3.8,26,https://www.google.com/maps/search/?api=1&query=Clark%2C%20Campbell%2C%20Lancaster%2C%20Workman%2C%20%26%20Airth%2C%20P.A.&query_place_id=ChIJe_wvWco43YgRhuCt4772pCQ,Y,
Lakeland,Clements Mark E,General/Unspecified,General,"310 E Main St, Lakeland, FL 33801",(863) 687-2287,https://www.elderlawlakeland.com/about/our-firm/,5,1,https://www.google.com/maps/search/?api=1&query=Clements%20Mark%20E&query_place_id=ChIJyc1pwrQ43YgRBlXpJfq7gBQ,Y,
Lakeland,"Darby Law Group, P.A.","Elder Law, Estate Planning, Real Estate","Estate/Probate, Real Estate","500 Florida Ave S #520, Lakeland, FL 33801",(863) 683-7400,https://darbylawgroup.com/,4,8,https://www.google.com/maps/search/?api=1&query=Darby%20Law%20Group%2C%20P.A.&query_place_id=ChIJe_wvWco43YgRLV3W7wbqvxI,Y,
Lakeland,"David Law Group, P.A.",Personal Injury,Personal Injury,"123 S Tennessee Ave, Lakeland, FL 33801",(800) 360-7015,https://www.davidlaw.com/,5,19,https://www.google.com/maps/search/?api=1&query=David%20Law%20Group%2C%20P.A.&query_place_id=ChIJJR7CsrU43YgRP0RnyNyVGNA,Y,
Lakeland,Dean Burnetti Law,Personal Injury,Personal Injury,"1937 E Edgewood Dr #102, Lakeland, FL 33803",(863) 287-6388,http://www.burnettilaw.com/,4.5,142,https://www.google.com/maps/search/?api=1&query=Dean%20Burnetti%20Law&query_place_id=ChIJ4faUo9U43YgR1HsEwk1Jr6A,Y,
Lakeland,Debt Relief Law Offices of Tampa Bay,Bankruptcy,Business,"4406 Florida Ave S #20th, Lakeland, FL 33813",(727) 849-3328,http://bankruptcytampabay.com/,,,https://www.google.com/maps/search/?api=1&query=Debt%20Relief%20Law%20Offices%20of%20Tampa%20Bay&query_place_id=ChIJwZt_U0w53YgRycor5il5jeg,Y,
Lakeland,DeMichael Law,Criminal Defense,Criminal/DUI,"206 Easton Dr, Lakeland, FL 33803",(863) 216-1831,https://www.demichaellaw.com/,4.8,72,https://www.google.com/maps/search/?api=1&query=DeMichael%20Law&query_place_id=ChIJI5a72zJLaIgRbeQWl7EymlQ,Y,
Lakeland,Dickstein Law Firm,General/Unspecified,General,"122 E Main St #184, Lakeland, FL 33801",(813) 285-9074,https://www.dicksteinpa.com/lakeland-law-office,5,7,https://www.google.com/maps/search/?api=1&query=Dickstein%20Law%20Firm&query_place_id=ChIJb9XX0yA53YgR-ZzBj7RbmMk,Y,
Lakeland,"Dismuke Law, PLLC",Personal Injury,Personal Injury,"1920 Florida Ave S, Lakeland, FL 33803",(863) 250-5050,https://www.1800askdave.com/,4.9,164,https://www.google.com/maps/search/?api=1&query=Dismuke%20Law%2C%20PLLC&query_place_id=ChIJweeGslJH3YgRmESfhBj1_RA,Y,
Lakeland,"Edward P. Brandt, P.A.",General/Unspecified,General,"3500 Florida Ave S #5, Lakeland, FL 33803",(863) 688-4442,,2.5,26,https://www.google.com/maps/search/?api=1&query=Edward%20P.%20Brandt%2C%20P.A.&query_place_id=ChIJrUadnDM53YgRQcbdtf2gRq0,N,
Lakeland,"Elder Law Firm of Clements & Wallace, P.L.","Elder Law, Estate Planning, Tax","Estate/Probate, Business","310 E Main St, Lakeland, FL 33801",(863) 288-0904,http://www.elderlawlakeland.com/,4,7,https://www.google.com/maps/search/?api=1&query=Elder%20Law%20Firm%20of%20Clements%20%26%20Wallace%2C%20P.L.&query_place_id=ChIJG3sfwrQ43YgRCAY5V7sCQWs,Y,
Lakeland,Eric Allen,General/Unspecified,General,"620 Robin Rd, Lakeland, FL 33803",(863) 665-7220,https://www.floridabar.org/directories/find-mbr/profile/?num=115045,5,6,https://www.google.com/maps/search/?api=1&query=Eric%20Allen&query_place_id=ChIJq6ruRMw-3YgR3AA31EuHOPY,Y,
Lakeland,Espinoza Law Offices P.A.,General/Unspecified,General,"1506 Florida Ave S, Lakeland, FL 33803",(863) 940-9950,http://www.espinozalawoffices.com/,4.7,379,https://www.google.com/maps/search/?api=1&query=Espinoza%20Law%20Offices%20P.A.&query_place_id=ChIJn8mOTtI43YgRSkkxAon03t4,Y,
Lakeland,Fernandez Firm Medical Malpractice Attorneys,Personal Injury,Personal Injury,"100 S Kentucky Ave #285, Lakeland, FL 33801",(863) 230-8066,https://www.fernandezfirm.com/lakeland-personal-injury-lawyer/?utm_source=local&utm_medium=organic&utm_campaign=gbp,5,17,https://www.google.com/maps/search/?api=1&query=Fernandez%20Firm%20Medical%20Malpractice%20Attorneys&query_place_id=ChIJL_H557Q43YgRpLvFcBgn6vw,Y,
Lakeland,Florida Rural Legal Services Inc,General/Unspecified,General,"1321 E Memorial Blvd #101, Lakeland, FL 33801",(863) 688-7376,http://www.frls.org/,3.1,109,https://www.google.com/maps/search/?api=1&query=Florida%20Rural%20Legal%20Services%20Inc&query_place_id=ChIJn4_Jyfo_3YgRyR6jlGnXk_0,Y,
Lakeland,Foley Immigration Law,Immigration,Immigration,"122 E Main St #105, Lakeland, FL 33801",(813) 424-0652,http://www.foleyimmigrationlaw.com/,5,1,https://www.google.com/maps/search/?api=1&query=Foley%20Immigration%20Law&query_place_id=ChIJHdXljLU43YgR-clbKeKIBAc,Y,
Lakeland,Frank Comparetto Jr Law Office,General/Unspecified,General,"1937 E Edgewood Dr, Lakeland, FL 33803",(863) 665-6565,,5,2,https://www.google.com/maps/search/?api=1&query=Frank%20Comparetto%20Jr%20Law%20Office&query_place_id=ChIJ1yLS3uM-3YgRhC9A8LTtko4,N,
Lakeland,"Fulmer Law, P.A.","Family Law, Criminal Defense, Divorce","Family/Divorce, Criminal/DUI","1960 E Edgewood Dr, Lakeland, FL 33803",(863) 688-2220,http://bit.ly/2IoCLfg,4.8,127,https://www.google.com/maps/search/?api=1&query=Fulmer%20Law%2C%20P.A.&query_place_id=ChIJV36ns-M-3YgRb9z1lthzovc,Y,
Lakeland,Gail Cheatwood Law Offices,General/Unspecified,General,"2000 Florida Ave S, Lakeland, FL 33803",(863) 686-0975,http://www.gailcheatwoodlaw.com/,2.8,35,https://www.google.com/maps/search/?api=1&query=Gail%20Cheatwood%20Law%20Offices&query_place_id=ChIJv4uNZ7M43YgRYkYUU_NbNzY,Y,
Lakeland,GEOHAGAN LAW,General/Unspecified,General,"1960 E Edgewood Dr, Lakeland, FL 33803",(863) 665-6930,,5,2,https://www.google.com/maps/search/?api=1&query=GEOHAGAN%20LAW&query_place_id=ChIJOY3lBQI_3YgRwakSpYfyc_M,N,
Lakeland,Gimenez & Carrillo LLC,General/Unspecified,General,"122 E Main St, Lakeland, FL 33801",(863) 225-1950,https://www.gimenezandcarrillo.com/,4.6,9,https://www.google.com/maps/search/?api=1&query=Gimenez%20%26%20Carrillo%20LLC&query_place_id=ChIJsbbgo0I53YgRZWVIEO1YUBc,Y,
Lakeland,Grajek Criminal Defense Attorneys Lakeland,Criminal Defense,Criminal/DUI,"112 E Poinsettia St, Lakeland, FL 33803",(863) 880-1275,https://flcrimedefense.com/?utm_source=google&utm_medium=organic&utm_campaign=gmb-lakeland,4.8,133,https://www.google.com/maps/search/?api=1&query=Grajek%20Criminal%20Defense%20Attorneys%20Lakeland&query_place_id=ChIJmwil_io53YgRlfhqppJtSyg,Y,
Lakeland,Grajek Law Personal Injury Lawyers Lakeland,"Personal Injury, Business, Civil Litigation, General Practice","Personal Injury, Business, General","2306 Florida Ave S, Lakeland, FL 33803",(863) 356-0878,https://getgrajek.com/?utm_source=google&utm_medium=organic&utm_campaign=gmb-lakeland,5,12,https://www.google.com/maps/search/?api=1&query=Grajek%20Law%20Personal%20Injury%20Lawyers%20Lakeland&query_place_id=ChIJA_hm7pg53YgRobUIX1n2wRg,Y,
Lakeland,GrayRobinson Lakeland Law Firm,General/Unspecified,General,"One Lake Morton Dr, Lakeland, FL 33801",(863) 284-2200,http://www.gray-robinson.com/offices/lakeland-fl,4.1,43,https://www.google.com/maps/search/?api=1&query=GrayRobinson%20Lakeland%20Law%20Firm&query_place_id=ChIJbY9ajso43YgRbX-5Kkd9xik,Y,
Lakeland,Grizzard Robert H II PA,General/Unspecified,General,"232 N Massachusetts Ave, Lakeland, FL 33801",,,5,1,https://www.google.com/maps/search/?api=1&query=Grizzard%20Robert%20H%20II%20PA&query_place_id=ChIJ_Uei_rQ43YgRwAQ2p-t1RH8,N,
Lakeland,"Hardin, Ball & Tondreault, P.A.",General/Unspecified,General,"1905 Bartow Rd, Lakeland, FL 33801",(863) 688-5200,http://www.hardin-law.com/,4.2,49,https://www.google.com/maps/search/?api=1&query=Hardin%2C%20Ball%20%26%20Tondreault%2C%20P.A.&query_place_id=ChIJ79mDrhw_3YgRrmcvqRc1pNk,Y,
Lakeland,"Headley Law, P.A.",General/Unspecified,General,"1906 Florida Ave S, Lakeland, FL 33803",(863) 904-5520,http://headleylaw.net/,4.5,103,https://www.google.com/maps/search/?api=1&query=Headley%20Law%2C%20P.A.&query_place_id=ChIJm8pYUtQ43YgRbMuStFGmicc,Y,
Lakeland,Hiepe Randall C,General/Unspecified,General,"256 N Kentucky Ave, Lakeland, FL 33801",(863) 802-4700,,5,11,https://www.google.com/maps/search/?api=1&query=Hiepe%20Randall%20C&query_place_id=ChIJa71tZbM43YgRbly3J960YQI,N,
Lakeland,Howell & Thornhill - Lakeland,Personal Injury,Personal Injury,"2115 Florida Ave S, Lakeland, FL 33803",(863) 293-3166,https://howellthornhill.com/locations/lakeland/?utm_source=gbp&utm_medium=organic&utm_campaign=gbp-website-lakeland,4.8,121,https://www.google.com/maps/search/?api=1&query=Howell%20%26%20Thornhill%20-%20Lakeland&query_place_id=ChIJ6WB8ktU43YgRi8wBax0Dkyo,Y,
Lakeland,Howell & Thornhill Pa: Thornhill III Robert G,Elder Law,Estate/Probate,"3730 Cleveland Heights Blvd, Lakeland, FL 33803",(863) 688-3166,https://howellthornhill.com/,5,1,https://www.google.com/maps/search/?api=1&query=Howell%20%26%20Thornhill%20Pa%3A%20Thornhill%20III%20Robert%20G&query_place_id=ChIJq17TKMo-3YgRemKb0sGsi2A,Y,
Lakeland,Immigrant’s Protection Center,Immigration,Immigration,"1506 Florida Ave S, Lakeland, FL 33803",(863) 940-9950,,4.1,11,https://www.google.com/maps/search/?api=1&query=Immigrant%E2%80%99s%20Protection%20Center&query_place_id=ChIJBx1OvdM43YgRnUz1TTROu-M,N,
Lakeland,"Jessica C. Fernandez, P.A.",General/Unspecified,General,"122 E Main St #249, Lakeland, FL 33801",(813) 600-9150,http://lakelandabogado.com/,5,3,https://www.google.com/maps/search/?api=1&query=Jessica%20C.%20Fernandez%2C%20P.A.&query_place_id=ChIJz5VhPgA53YgROOYjYzLUvto,Y,
Lakeland,Johnson Michael A,General/Unspecified,General,"225 N Florida Ave, Lakeland, FL 33801",(863) 688-0741,,5,6,https://www.google.com/maps/search/?api=1&query=Johnson%20Michael%20A&query_place_id=ChIJn5hdabQ43YgRClQkN_lZbDQ,N,
Lakeland,Karie L Sanoba Attorney at Law,"Civil Litigation, Divorce, Family Law, General Practice","General, Family/Divorce","114 E Edgewood Dr, Lakeland, FL 33803",(863) 682-5800,,3.6,23,https://www.google.com/maps/search/?api=1&query=Karie%20L%20Sanoba%20Attorney%20at%20Law&query_place_id=ChIJm0HdgSs53YgRUK2HfgAKPKo,N,
Lakeland,Kaylor Law Group,Criminal Defense,Criminal/DUI,"3001 Bartow Rd, Lakeland, FL 33803",(863) 668-7223,http://www.kaylorlaw.com/,4.7,183,https://www.google.com/maps/search/?api=1&query=Kaylor%20Law%20Group&query_place_id=ChIJ4ey2KPnm3IgRO9orkzV66gY,Y,
Lakeland,Kevin Cox Law Office,General/Unspecified,General,"2000 E Edgewood Dr, Lakeland, FL 33803",(863) 875-5509,,3.9,106,https://www.google.com/maps/search/?api=1&query=Kevin%20Cox%20Law%20Office&query_place_id=ChIJd-mSnFpr3YgRUXw-7pBqT50,N,
Lakeland,Kramer Jack G,General/Unspecified,General,"122 E Main St Ste 152, Lakeland, FL 33801",(863) 777-0105,http://jackkramerlaw.com/,5,4,https://www.google.com/maps/search/?api=1&query=Kramer%20Jack%20G&query_place_id=ChIJgZEUdADPwogR-51G-C2VL_E,Y,
Lakeland,Lakeland Low Cost Bankruptcy Center,Bankruptcy,Business,"122 E Main St, Lakeland, FL 33801",(863) 825-7577,https://www.lakelandlowcostbankruptcy.com/,4.9,11,https://www.google.com/maps/search/?api=1&query=Lakeland%20Low%20Cost%20Bankruptcy%20Center&query_place_id=ChIJezlQ0_g53YgRy8GqZ7HRFlA,Y,
Lakeland,Lakeland Personal Injury & Car Accident Lawyers | Norden Leacox,Personal Injury,Personal Injury,"1137 US HWY 98S Suite 205, Lakeland, FL 33801",(407) 874-5574,https://nordenleacox.com/lakeland-personal-injury-lawyer/,5,71,https://www.google.com/maps/search/?api=1&query=Lakeland%20Personal%20Injury%20%26%20Car%20Accident%20Lawyers%20%7C%20Norden%20Leacox&query_place_id=ChIJQQPm7dnF54gR2ymLrVJqbao,Y,
Lakeland,"Law Office of Charlann Jackson Sanders, ESq.","Family Law, Estate Planning, Real Estate","Family/Divorce, Estate/Probate, Real Estate","2225 E Edgewood Dr #8, Lakeland, FL 33803",(863) 225-9774 ext. 102,http://www.lawofficeofcharlannjacksonsandersesq.com/,5,2,https://www.google.com/maps/search/?api=1&query=Law%20Office%20of%20Charlann%20Jackson%20Sanders%2C%20ESq.&query_place_id=ChIJy4iOKYM_3YgRGrFOZpD-sRU,Y,
Lakeland,"Law Office of James G. Bishop, P.A.",General/Unspecified,General,"1946 E Edgewood Dr, Lakeland, FL 33803",(863) 812-4054,http://www.bishop-legal.com/,5,3,https://www.google.com/maps/search/?api=1&query=Law%20Office%20of%20James%20G.%20Bishop%2C%20P.A.&query_place_id=ChIJu5-7QN4_3YgR3Oyiegxlxk4,Y,
Lakeland,Law Office of Joshua Schoen,"Personal Injury, Criminal Defense, Divorce","Personal Injury, Criminal/DUI, Family/Divorce","4412 Old Rd 37, Lakeland, FL 33813",(863) 660-2185,http://www.joshlawfirm.com/,,,https://www.google.com/maps/search/?api=1&query=Law%20Office%20of%20Joshua%20Schoen&query_place_id=ChIJsS8pWhgk3YgRIl1hUwwQmvQ,Y,
Lakeland,"Law Office Of Mark G. Capron, P.A.",General/Unspecified,General,"2212 Florida Ave S #4, Lakeland, FL 33803",(863) 644-2535,,4.7,3,https://www.google.com/maps/search/?api=1&query=Law%20Office%20Of%20Mark%20G.%20Capron%2C%20P.A.&query_place_id=ChIJ-XtbeCo53YgRJki2kDSOGyY,N,
Lakeland,"Law Office of Michael S. Farrell, P.A.","Family Law, Divorce",Family/Divorce,"206 Easton Dr, Lakeland, FL 33803",(863) 686-8900,http://www.michaelsfarrelllaw.com/,4.4,38,https://www.google.com/maps/search/?api=1&query=Law%20Office%20of%20Michael%20S.%20Farrell%2C%20P.A.&query_place_id=ChIJew0getI43YgRn0snkrxKWQY,Y,
Lakeland,Law Office of Stephen H. Artman P.A.,"Estate Planning, Business, Elder Law, Real Estate","Estate/Probate, Business, Real Estate","925 Florida Ave S, Lakeland, FL 33803",(863) 940-0874,https://www.artmanlawoffice.com/?npcmp=dir:local:1878956:33803,4.7,30,https://www.google.com/maps/search/?api=1&query=Law%20Office%20of%20Stephen%20H.%20Artman%20P.A.&query_place_id=ChIJz-pQT8w43YgRAt7pDozSKjA,Y,
Lakeland,Law Offices Lawrence Shearer,General/Unspecified,General,"2000 E Edgewood Dr suite 108A, Lakeland, FL 33803",,,3.7,3,https://www.google.com/maps/search/?api=1&query=Law%20Offices%20Lawrence%20Shearer&query_place_id=ChIJtQozVuI-3YgR9mw52MB8BTw,N,
Lakeland,Law Offices of Adam G. Hill,General/Unspecified,General,"122 E Main St Ste 189, Lakeland, FL 33801",(407) 887-1929,http://adamhillfirm.com/,,,https://www.google.com/maps/search/?api=1&query=Law%20Offices%20of%20Adam%20G.%20Hill&query_place_id=ChIJGfDACg853YgRb252D7PQHfA,Y,
Lakeland,"Law Offices of James Bell P.C., Healthcare Fraud Group",Criminal Defense,Criminal/DUI,"101 Florida Ave S, Lakeland, FL 33801",(863) 884-4378,,5,1,https://www.google.com/maps/search/?api=1&query=Law%20Offices%20of%20James%20Bell%20P.C.%2C%20Healthcare%20Fraud%20Group&query_place_id=ChIJ_TeAvOQ53YgRXGtyEPXyDWA,N,
Lakeland,"Law Offices of Peddy, P.A.","Criminal Defense, Divorce, Family Law, General Practice","Criminal/DUI, Family/Divorce, General","4200 Florida Ave S, Lakeland, FL 33813",(863) 646-1421,http://www.peddylaw.com/,4.8,72,https://www.google.com/maps/search/?api=1&query=Law%20Offices%20of%20Peddy%2C%20P.A.&query_place_id=ChIJeS7-mks53YgRpZ-fg4CpFf4,Y,
Lakeland,Lawrence Anzalone,General/Unspecified,General,"211 Florida Ave S, Lakeland, FL 33801",(863) 688-8288,http://www.burnetti.com/attorneys/lawrence-anzalone,,,https://www.google.com/maps/search/?api=1&query=Lawrence%20Anzalone&query_place_id=ChIJNfxquLU43YgRbf3Kn74nnxc,Y,
Lakeland,Legally Modern Law Group,General/Unspecified,General,"120 E Pine St #7, Lakeland, FL 33801",(863) 666-4868,http://legallymodern.com/contact-us/,4.6,38,https://www.google.com/maps/search/?api=1&query=Legally%20Modern%20Law%20Group&query_place_id=ChIJ17HEd1HEwogRO85mLcfBthM,Y,
Lakeland,"Liesl A. Weeks, P.A.","Family Law, Criminal Defense, Divorce","Family/Divorce, Criminal/DUI","2121 Harden Blvd, Lakeland, FL 33803",(863) 686-2727,https://www.lieslaweeks.com/?utm_source=google-local&utm_medium=organic&utm_campaign=3323,3.7,29,https://www.google.com/maps/search/?api=1&query=Liesl%20A.%20Weeks%2C%20P.A.&query_place_id=ChIJkXGGi9843YgRZ80zLGuBaBg,Y,
Lakeland,"Lilly & Brown, LLP",Personal Injury,Personal Injury,"1102 Florida Ave S, Lakeland, FL 33803",(863) 683-1111,http://www.lillybrownlaw.com/?utm_source=GMB&utm_medium=organic&utm_campaign=Lakeland,4.4,13,https://www.google.com/maps/search/?api=1&query=Lilly%20%26%20Brown%2C%20LLP&query_place_id=ChIJj2Y9hss43YgRMTjdMwtByqw,Y,Multi-branch: 2 Polk County locations for this firm
Lakeland,"Lopez & Humphries, P.A. - Car Accident Lawyers - Lakeland",Personal Injury,Personal Injury,"2420 Florida Ave S, Lakeland, FL 33803",(863) 777-4191,https://lopezandhumphries.com/?fct=002&utm_source=GMB&utm_medium=organic&utm_campaign=lakeland,4.8,462,https://www.google.com/maps/search/?api=1&query=Lopez%20%26%20Humphries%2C%20P.A.%20-%20Car%20Accident%20Lawyers%20-%20Lakeland&query_place_id=ChIJL4RnReU73YgRUh2gB4r_qIU,Y,
Lakeland,"Lopez & Humphries, P.A. - Car Accident Lawyers – Lakeland",Personal Injury,Personal Injury,"1543 Lakeland Hills Blvd Ste 2, Lakeland, FL 33805",(863) 593-8441,https://www.lopezandhumphries.com/,5,32,https://www.google.com/maps/search/?api=1&query=Lopez%20%26%20Humphries%2C%20P.A.%20-%20Car%20Accident%20Lawyers%20%E2%80%93%20Lakeland&query_place_id=ChIJDwdWcaxB3YgRhH7DC84UjeQ,Y,
Lakeland,Lopez Melodie,General/Unspecified,General,"2420 Florida Ave S, Lakeland, FL 33803",(863) 709-1800,,5,1,https://www.google.com/maps/search/?api=1&query=Lopez%20Melodie&query_place_id=ChIJ7c0pWyo53YgR1EgflZx0oZs,N,Multi-branch: 2 Polk County locations for this firm
Lakeland,Maranatha Law - Accident & Injury Lawyers,Personal Injury,Personal Injury,"211 E Main St Ste 211, Lakeland, FL 33801",(863) 231-0738,https://maranathalaw.com/?utm_source=gbp&utm_medium=organic&utm_campaign=listing&utm_content=lakeland,5,98,https://www.google.com/maps/search/?api=1&query=Maranatha%20Law%20-%20Accident%20%26%20Injury%20Lawyers&query_place_id=ChIJUZBJh6s53YgRdJ2ZzYuuOgI,Y,Multi-branch: 2 Polk County locations for this firm
Lakeland,Martin J Hernandez PA - Lakeland,Personal Injury,Personal Injury,"120 E Pine St Ste 7a, Lakeland, FL 33801",(863) 378-4333,https://863lawyers.com/,5,4,https://www.google.com/maps/search/?api=1&query=Martin%20J%20Hernandez%20PA%20-%20Lakeland&query_place_id=ChIJdS1zDwA53YgRhg6G0IbXc7k,Y,
Lakeland,Martinez & Odom PA,General/Unspecified,General,"3240 Airfield Ct W, Lakeland, FL 33811",(863) 510-5901,,5,1,https://www.google.com/maps/search/?api=1&query=Martinez%20%26%20Odom%20PA&query_place_id=ChIJ30PgTZU53YgRzf5gcSJWNBo,N,
Lakeland,Matthew Kaylor,Criminal Defense,Criminal/DUI,"3001 Bartow Rd, Lakeland, FL 33803",(863) 668-7223,http://www.kaylorlaw.com/,4.4,13,https://www.google.com/maps/search/?api=1&query=Matthew%20Kaylor&query_place_id=ChIJAQblBQI_3YgRiXoW_Fyr_PQ,Y,Multi-branch: 2 Polk County locations for this firm
Lakeland,McKendrick Law,Family Law,Family/Divorce,"206 Easton Dr, Lakeland, FL 33803",(863) 688-3000,http://www.mckendricklaw.com/,3.9,52,https://www.google.com/maps/search/?api=1&query=McKendrick%20Law&query_place_id=ChIJmwil_io53YgRGdtU_yMdnJM,Y,
Lakeland,"McMann, P.A.","Family Law, Bankruptcy, Criminal Defense, Divorce, Immigration, Personal Injury","Family/Divorce, Business, Criminal/DUI, Immigration, Personal Injury","1700 Florida Ave S, Lakeland, FL 33803",(863) 393-9010,http://www.mcmannpa.com/,3.8,104,https://www.google.com/maps/search/?api=1&query=McMann%2C%20P.A.&query_place_id=ChIJOY3lBQI_3YgRD3mwhiSDXjw,Y,
Lakeland,"Medina Law Group, P.A.",Estate Planning,Estate/Probate,"425 Florida Ave S Ste 101, Lakeland, FL 33801",(863) 682-9730,https://www.medinapa.com/,4.5,11,https://www.google.com/maps/search/?api=1&query=Medina%20Law%20Group%2C%20P.A.&query_place_id=ChIJm8iFQsw43YgR2mPKOdAXC9s,Y,
Lakeland,Menlo Park Patents,Patent/IP,Business,"502 E Main St, Lakeland, FL 33801",(813) 398-2233,https://www.menloparkpatents.com/,4.8,17,https://www.google.com/maps/search/?api=1&query=Menlo%20Park%20Patents&query_place_id=ChIJp4NKIdUb24gRU8qnzeMjbbk,Y,"Category ambiguity resolved: Google primary category was ""Patent office"" but business is a law firm (confirmed via secondary category/name)"
Lakeland,Meyer Law Group LLC,General/Unspecified,General,"116 S Tennessee Ave #115, Lakeland, FL 33801",(863) 577-0526,,,,https://www.google.com/maps/search/?api=1&query=Meyer%20Law%20Group%20LLC&query_place_id=ChIJ_Uei_rQ43YgRUEuMwsBeMmA,N,
Lakeland,Michael H Willison P.A.,General/Unspecified,General,"114 S Lake Ave, Lakeland, FL 33801",(863) 687-0567,,4.8,13,https://www.google.com/maps/search/?api=1&query=Michael%20H%20Willison%20P.A.&query_place_id=ChIJH6BFxUs_3YgRifipxUep3d0,N,
Lakeland,"Miller Troiano, P.A.",Real Estate,Real Estate,"2323 Florida Ave S, Lakeland, FL 33803",(863) 688-7038,https://www.millerlawfl.com/,4.7,80,https://www.google.com/maps/search/?api=1&query=Miller%20Troiano%2C%20P.A.&query_place_id=ChIJh0V4bCo53YgR5qeRYe257qw,Y,
Lakeland,"Mombrun Law, PLLC",General/Unspecified,General,"238 N Massachusetts Ave 1st floor, Lakeland, FL 33801",(321) 216-2040,https://www.mombrunlaw.com/,,,https://www.google.com/maps/search/?api=1&query=Mombrun%20Law%2C%20PLLC&query_place_id=ChIJrXRvZus53YgRHl2JkAasI7I,Y,
Lakeland,"Monk Law Group, PLLC","Divorce, Criminal Defense, Elder Law, Estate Planning, Family Law, Personal Injury","Family/Divorce, Criminal/DUI, Estate/Probate, Personal Injury","800 Florida Ave S, Lakeland, FL 33801",(800) 237-9500,https://monklawgroup.com/reviews/,5,69,https://www.google.com/maps/search/?api=1&query=Monk%20Law%20Group%2C%20PLLC&query_place_id=ChIJL4RnReU73YgRdZJ6eVKufBk,Y,
Lakeland,"Moody Law, P.A.",Personal Injury,Personal Injury,"1905 US-98, Lakeland, FL 33801",(863) 869-4871,https://www.moodylaw.com/locations/lakeland-office/,4.9,44,https://www.google.com/maps/search/?api=1&query=Moody%20Law%2C%20P.A.&query_place_id=ChIJRTjAg7U43YgRXOHMdBN7yPA,Y,Multi-branch: 2 Polk County locations for this firm
Lakeland,Morgan & Morgan,"Personal Injury, Business","Personal Injury, Business","2012 Florida Ave S, Lakeland, FL 33803",(863) 680-1411,https://www.forthepeople.com/office-locations/florida/lakeland/?utm_source=GMB&utm_medium=local&utm_campaign=LakelandFLGMB,4.7,1427,https://www.google.com/maps/search/?api=1&query=Morgan%20%26%20Morgan&query_place_id=ChIJ4faUo9U43YgRJDBK73Ek0jc,Y,Multi-branch: 2 Polk County locations for this firm
Lakeland,Morgan & Morgan,"Personal Injury, Business","Personal Injury, Business","402 S Kentucky Ave Ste 402, Lakeland, FL 33801",(863) 513-1310,https://www.forthepeople.com/office-locations/florida/lakeland-kentucky-avenue/?utm_source=GMB&utm_medium=local&utm_campaign=LakelandKentuckyAveFLGMB,4.8,1896,https://www.google.com/maps/search/?api=1&query=Morgan%20%26%20Morgan&query_place_id=ChIJl9jleEM53YgRII79TuRW_W8,Y,Multi-branch: 2 Polk County locations for this firm
Lakeland,Morrison Joseph A,General/Unspecified,General,"4416 Florida National Dr, Lakeland, FL 33813",(863) 644-3399,http://www.josephamorrisonlaw.com/,4.3,14,https://www.google.com/maps/search/?api=1&query=Morrison%20Joseph%20A&query_place_id=ChIJ32vONUw53YgRzFpd73SR6-I,Y,
Lakeland,Musca Law,Criminal Defense,Criminal/DUI,"500 Florida Ave S Ste 400-14, Lakeland, FL 33801",(863) 512-5269,https://www.muscalaw.com/locations/lakeland,5,66,https://www.google.com/maps/search/?api=1&query=Musca%20Law&query_place_id=ChIJcZ5xRN0-3YgRLRwg310o6nc,Y,Multi-branch: 2 Polk County locations for this firm
Lakeland,My Price Lawyers,General/Unspecified,General,"211 Florida Ave S, Lakeland, FL 33801",(888) 473-6137,https://www.mypricelawyers.com/contact/,,,https://www.google.com/maps/search/?api=1&query=My%20Price%20Lawyers&query_place_id=ChIJVVWFx7U43YgRb13yf2jkkfU,Y,
Lakeland,O'Toole Law Group,"Personal Injury, Insurance",Personal Injury,"200 Lake Morton Dr Ste 300, Lakeland, FL 33801",(863) 533-5525,https://otoolepa.com/,5,54,https://www.google.com/maps/search/?api=1&query=O'Toole%20Law%20Group&query_place_id=ChIJmZ_kYt853YgRcxOyYUSTb4I,Y,
Lakeland,"Pansler Law Firm, P.A.",Personal Injury,Personal Injury,"223 N Florida Ave, Lakeland, FL 33801",(863) 683-7500,http://www.pansler.com/,4.7,44,https://www.google.com/maps/search/?api=1&query=Pansler%20Law%20Firm%2C%20P.A.&query_place_id=ChIJMZe0d7Q43YgRfcechZw9mJc,Y,
Lakeland,"Pardy & Rodriguez, P.A.","Personal Injury, Insurance",Personal Injury,"500 Florida Ave S Ste 411, Lakeland, FL 33801",(863) 302-9703,https://pardyrodriguezlaw.com/,5,127,https://www.google.com/maps/search/?api=1&query=Pardy%20%26%20Rodriguez%2C%20P.A.&query_place_id=ChIJsUC7ocA53YgRGct5lLynswY,Y,
Lakeland,"Parrish Law, PLLC","Insurance, Personal Injury",Personal Injury,"200 Lake Morton Dr Ste 200, Lakeland, FL 33801",(863) 285-3611,https://www.parrish.law/?utm_campaign=gmb&utm_medium=organic&utm_source=GMBlisting,4.9,31,https://www.google.com/maps/search/?api=1&query=Parrish%20Law%2C%20PLLC&query_place_id=ChIJt7DLqLo53YgR8oKjB9FjoDM,Y,
Lakeland,Paul E Blake,General/Unspecified,General,"225 E Lemon St Ste 300, Lakeland, FL 33801",(863) 683-6511,http://petersonmyers.com/,1,1,https://www.google.com/maps/search/?api=1&query=Paul%20E%20Blake&query_place_id=ChIJUeMMBbU43YgRThUmwMj-w_8,Y,
Lakeland,"Pearl & Thompson, PLLC",Criminal Defense,Criminal/DUI,"811 S Missouri Ave, Lakeland, FL 33815",(863) 359-5238,https://www.pearlandthompsonlaw.com/,4.9,37,https://www.google.com/maps/search/?api=1&query=Pearl%20%26%20Thompson%2C%20PLLC&query_place_id=ChIJMVM6ReY53YgRIqk5ezNJKbk,Y,
Lakeland,Peterson & Myers PA,"Civil Litigation, Estate Planning, Insurance","General, Estate/Probate, Personal Injury","225 E Lemon St Ste 300, Lakeland, FL 33801",(863) 683-6511,https://www.petersonmyers.com/,3.7,25,https://www.google.com/maps/search/?api=1&query=Peterson%20%26%20Myers%20PA&query_place_id=ChIJUeMMBbU43YgRyVAaSSqthpc,Y,Multi-branch: 2 Polk County locations for this firm
Lakeland,Philip J. Slotnick,General/Unspecified,General,"211 Florida Ave S, Lakeland, FL 33801",(863) 680-1131,,,,https://www.google.com/maps/search/?api=1&query=Philip%20J.%20Slotnick&query_place_id=ChIJ6-9huLU43YgR_oZlz-BTqmA,N,
Lakeland,"Pilka Adams & Reed, P.A.","Criminal Defense, Estate Planning, Personal Injury, Real Estate","Criminal/DUI, Estate/Probate, Personal Injury, Real Estate","256 N Kentucky Ave, Lakeland, FL 33801",(813) 502-1097,https://www.pilka.com/?npcmp=dir:local:2365530:33801,4.1,33,https://www.google.com/maps/search/?api=1&query=Pilka%20Adams%20%26%20Reed%2C%20P.A.&query_place_id=ChIJWRXWFWXOwogRnkxjtTE0Oc0,Y,
Lakeland,Puterbaugh Robert E,General/Unspecified,General,"225 E Lemon St Ste 300, Lakeland, FL 33801",(863) 683-6511,http://www.petersonmyers.com/attorneys/robert-e-puterbaugh/,,,https://www.google.com/maps/search/?api=1&query=Puterbaugh%20Robert%20E&query_place_id=ChIJUeMMBbU43YgR_iK3WRbxDfw,Y,
Lakeland,RAK Law Firm,"Business, Civil Litigation, Insurance","Business, General, Personal Injury","100 S Kentucky Ave #230, Lakeland, FL 33801",(407) 437-0319,https://www.raklawfirm.com/,4.9,28,https://www.google.com/maps/search/?api=1&query=RAK%20Law%20Firm&query_place_id=ChIJmUlNySt_54gRFNfHjrmrSYA,Y,
Lakeland,"Ramona L. Blankinship,",General/Unspecified,General,"255 N Kentucky Ave, Lakeland, FL 33801",(863) 687-7737,http://familylawlakeland.com/,4.8,20,https://www.google.com/maps/search/?api=1&query=Ramona%20L.%20Blankinship%2C&query_place_id=ChIJv4uNZ7M43YgRO-LPX7XUQqs,Y,
Lakeland,Reed Mawhinney & Link,"Estate Planning, Real Estate","Estate/Probate, Real Estate","53 Lake Morton Dr Ste 100, Lakeland, FL 33801",(863) 687-1771,http://www.polklawyer.com/,4.6,31,https://www.google.com/maps/search/?api=1&query=Reed%20Mawhinney%20%26%20Link&query_place_id=ChIJB-pWCN443YgRUAvZq7STzYo,Y,
Lakeland,"Ricardo Santander, P.A.","Immigration, Criminal Defense, Family Law, General Practice","Immigration, Criminal/DUI, Family/Divorce, General","206 Easton Dr, Lakeland, FL 33803",(863) 937-9175,http://immigrationattorneyfla.com/,4,20,https://www.google.com/maps/search/?api=1&query=Ricardo%20Santander%2C%20P.A.&query_place_id=ChIJmwil_io53YgR_00RcoAj9as,Y,
Lakeland,Ruel Law Firm,Insurance,Personal Injury,"200 Lake Morton Dr #400, Lakeland, FL 33801",(833) 783-5529,https://ruellawfirm.com/,5,5,https://www.google.com/maps/search/?api=1&query=Ruel%20Law%20Firm&query_place_id=ChIJFy3fr-I53YgRVaAfbmhNaqQ,Y,
Lakeland,Russo Law,"Personal Injury, General Practice","Personal Injury, General","1135 Lakeland Hills Blvd, Lakeland, FL 33805",(863) 201-5918,https://chrisrussolaw.com/?utm_source=gmb&utm_medium=organic&utm_content=listing&utm_campaign=local,4.9,145,https://www.google.com/maps/search/?api=1&query=Russo%20Law&query_place_id=ChIJzX5JsmQ_3YgRTJpZnFh75kY,Y,
Lakeland,"Sanford M. Estroff, Law & Mediation Offices",General/Unspecified,General,"4335 Highland Park Blvd Ste 3, Lakeland, FL 33813",(863) 646-4900,http://www.estroffmediation.com/,5,1,https://www.google.com/maps/search/?api=1&query=Sanford%20M.%20Estroff%2C%20Law%20%26%20Mediation%20Offices&query_place_id=ChIJIV17v0w53YgRDj44BZkvu6k,Y,
Lakeland,Scott H. Langston Attorney at Law,General/Unspecified,General,"117 Florida Ave S, Lakeland, FL 33801",(863) 688-5659,,4.9,14,https://www.google.com/maps/search/?api=1&query=Scott%20H.%20Langston%20Attorney%20at%20Law&query_place_id=ChIJi7SfTLQ43YgR0VzmpTNT0Ug,N,
Lakeland,"Sessums Law Group, P.A.","Divorce, Family Law",Family/Divorce,"2212 Florida Ave S, Lakeland, FL 33803",(863) 204-0034,https://www.sessumslawgroup.com/,4.5,52,https://www.google.com/maps/search/?api=1&query=Sessums%20Law%20Group%2C%20P.A.&query_place_id=ChIJqfqddyo53YgRGiLjkc8w2L4,Y,
Lakeland,"Smith, Feddeler & Smith, P.A. - Lakeland Office",Personal Injury,Personal Injury,"832 Florida Ave S, Lakeland, FL 33801",(863) 336-6927,https://www.all-injuries.com/?utm_source=google&utm_medium=organic&utm_campaign=gmb_local_growthlab,4.5,159,https://www.google.com/maps/search/?api=1&query=Smith%2C%20Feddeler%20%26%20Smith%2C%20P.A.%20-%20Lakeland%20Office&query_place_id=ChIJhZ7Ddsw43YgRbP6NmtqNrT0,Y,
Lakeland,"Spivack Law, PA","Family Law, Criminal Defense, Divorce","Family/Divorce, Criminal/DUI","122 E Pine St, Lakeland, FL 33801",(863) 682-8833,http://www.spivlaw.com/,3.9,65,https://www.google.com/maps/search/?api=1&query=Spivack%20Law%2C%20PA&query_place_id=ChIJ8Y3bFBo_3YgREy2c6QXui_g,Y,
Lakeland,State Attorney,General/Unspecified,General,"930 E Parker St, Lakeland, FL 33801",(863) 802-6240,,2.8,6,https://www.google.com/maps/search/?api=1&query=State%20Attorney&query_place_id=ChIJmV7r11E_3YgRlBA6RsRaLgk,N,
Lakeland,"Stephen M. Martin, P.A.",General/Unspecified,General,"53 Lake Morton Dr, Lakeland, FL 33801",(863) 683-8765,,4,2,https://www.google.com/maps/search/?api=1&query=Stephen%20M.%20Martin%2C%20P.A.&query_place_id=ChIJbbtq-Mo43YgRap_Gq1rXOZY,N,
Lakeland,Sutton Law Firm,"Bankruptcy, Business, Divorce, Family Law","Business, Family/Divorce","202 Lake Miriam Dr w1, Lakeland, FL 33813",(863) 400-3487,https://www.suttonlawfirm.net/locations/lakeland-office/,5,3,https://www.google.com/maps/search/?api=1&query=Sutton%20Law%20Firm&query_place_id=ChIJTcTXpDI73YgRumAowcmkS4U,Y,Multi-branch: 2 Polk County locations for this firm
Lakeland,"Ted W. Weeks IV, P.A.",General/Unspecified,General,"402 S Kentucky Ave Ste 350, Lakeland, FL 33801",(863) 802-5000,,4.4,5,https://www.google.com/maps/search/?api=1&query=Ted%20W.%20Weeks%20IV%2C%20P.A.&query_place_id=ChIJkXGGi9843YgRtKA330evctM,N,
Lakeland,"The Florida Law Group, Car Accident and Personal Injury Attorneys",Personal Injury,Personal Injury,"238 N Massachusetts Ave, Lakeland, FL 33801",(833) 899-0310,https://www.thefloridalawgroup.com/lakeland/,5,2,https://www.google.com/maps/search/?api=1&query=The%20Florida%20Law%20Group%2C%20Car%20Accident%20and%20Personal%20Injury%20Attorneys&query_place_id=ChIJo6koNS853YgRw4HrCN16Ngs,Y,
Lakeland,"The Guard Law Group, PLLC",General/Unspecified,General,"2511 Orleans Ave, Lakeland, FL 33803",,,,,https://www.google.com/maps/search/?api=1&query=The%20Guard%20Law%20Group%2C%20PLLC&query_place_id=ChIJk1txKwA53YgRcpoWUUBcuUo,N,"Category ambiguity resolved: Google primary category was ""Association / Organization"" but business is a law firm (confirmed via secondary category/name)"
Lakeland,The Hardin Eldridge Law Group,General/Unspecified,General,"3730 Cleveland Heights Blvd, Lakeland, FL 33803",,,,,https://www.google.com/maps/search/?api=1&query=The%20Hardin%20Eldridge%20Law%20Group&query_place_id=ChIJjxSRLso-3YgRvhy7GK2lt80,N,
Lakeland,The Hubbard Law Firm,General/Unspecified,General,"120 E Pine St #7, Lakeland, FL 33801",(863) 617-5206,,,,https://www.google.com/maps/search/?api=1&query=The%20Hubbard%20Law%20Firm&query_place_id=ChIJmZeyeRw53YgRJGkwzzhJ5-g,N,
Lakeland,The Law Office of Joshua W. Westcott,General/Unspecified,General,"206 Easton Dr, Lakeland, FL 33803",(863) 660-2223,https://www.jwwattorney.com/,5,15,https://www.google.com/maps/search/?api=1&query=The%20Law%20Office%20of%20Joshua%20W.%20Westcott&query_place_id=ChIJ9fAvWbQ43YgRAeozf1NTRDE,Y,
Lakeland,"The Law Office of Richard A. Lopez, P.A.",Civil Litigation,General,"933 Florida Ave S, Lakeland, FL 33803",(863) 333-0777,http://richlopezlaw.com/,4.8,51,https://www.google.com/maps/search/?api=1&query=The%20Law%20Office%20of%20Richard%20A.%20Lopez%2C%20P.A.&query_place_id=ChIJXwPiS8w43YgRJ5FYNd4feyA,Y,
Lakeland,The Law Office Of Robert H. Van Hart,"Criminal Defense, Family Law, Personal Injury","Criminal/DUI, Family/Divorce, Personal Injury","1742 E Edgewood Dr, Lakeland, FL 33803",(863) 617-9866,,3.7,20,https://www.google.com/maps/search/?api=1&query=The%20Law%20Office%20Of%20Robert%20H.%20Van%20Hart&query_place_id=ChIJwZAyGeE-3YgRmU93ZmbYYDw,N,
Lakeland,"The Rossi Law Firm, P.A.",General/Unspecified,General,"238 N Massachusetts Ave 1st floor, Lakeland, FL 33801",(888) 674-2051,https://www.attorneyrossi.com/?npcmp=dir:local:4154307:33301,,,https://www.google.com/maps/search/?api=1&query=The%20Rossi%20Law%20Firm%2C%20P.A.&query_place_id=ChIJk_OifW853YgRjbQEM1nLnmg,Y,
Lakeland,The Sanoba Law Firm,Real Estate,Real Estate,"422 Florida Ave S, Lakeland, FL 33801",(863) 683-5353,http://www.sanoba.com/,4.4,17,https://www.google.com/maps/search/?api=1&query=The%20Sanoba%20Law%20Firm&query_place_id=ChIJtXO0WtQ43YgRPt9stoNQ_Eo,Y,
Lakeland,The Stohlman Law Firm,General/Unspecified,General,"120 E Pine St #7, Lakeland, FL 33801",(863) 603-0856,https://www.stohlmanlawfirm.com/,4.9,95,https://www.google.com/maps/search/?api=1&query=The%20Stohlman%20Law%20Firm&query_place_id=ChIJVSLqfrQ43YgRufJX3BT3VlY,Y,
Lakeland,Timothy O. Coyle,Personal Injury,Personal Injury,"825 E Main St, Lakeland, FL 33801",(863) 603-0563,,4.2,5,https://www.google.com/maps/search/?api=1&query=Timothy%20O.%20Coyle&query_place_id=ChIJxdmAYUk_3YgR6Cd4IEWW1F4,N,
Lakeland,TLC Trial Team - Lakeland,"Personal Injury, Civil Litigation","Personal Injury, General","1102 Florida Ave S, Lakeland, FL 33803",(863) 213-1457,https://tlctrialteam.com/lakeland/,4.8,25,https://www.google.com/maps/search/?api=1&query=TLC%20Trial%20Team%20-%20Lakeland&query_place_id=ChIJ66GqcNI43YgR6BI4rlR45dI,Y,
Lakeland,"Trakas Thornhill, PA","Divorce, Criminal Defense, Family Law","Family/Divorce, Criminal/DUI","324 W Highland Dr, Lakeland, FL 33813",(863) 295-9300,https://trakasthornhill.com/,4.4,57,https://www.google.com/maps/search/?api=1&query=Trakas%20Thornhill%2C%20PA&query_place_id=ChIJIcjFGuES3YgRJpIC2FGlwJc,Y,
Lakeland,Troiano & Roberts,General/Unspecified,General,"317 S Tennessee Ave, Lakeland, FL 33801",(863) 686-7136,http://www.troianolaw.com/,4.6,32,https://www.google.com/maps/search/?api=1&query=Troiano%20%26%20Roberts&query_place_id=ChIJ-39DnbU43YgRXVkIxy4qg8A,Y,
Lakeland,VCFJ Law,General/Unspecified,General,"1 Lake Morton Dr, Lakeland, FL 33801",(863) 701-2100,https://vcfjlaw.com/,5,2,https://www.google.com/maps/search/?api=1&query=VCFJ%20Law&query_place_id=ChIJV8Uh3s0-3YgRCH7aRMgxxFA,Y,
Lakeland,Vecchio Thomas P,General/Unspecified,General,"3308 Cleveland Heights Blvd, Lakeland, FL 33803",(863) 701-2100,,5,1,https://www.google.com/maps/search/?api=1&query=Vecchio%20Thomas%20P&query_place_id=ChIJV8Uh3s0-3YgRkBn2Sh_EdQk,N,
Lakeland,W Clinton Wallace Law Offices,General/Unspecified,General,"1125 Bartow Rd #300, Lakeland, FL 33801",(863) 688-1500,,,,https://www.google.com/maps/search/?api=1&query=W%20Clinton%20Wallace%20Law%20Offices&query_place_id=ChIJIXkhwxc_3YgRX76YjfLKJ3I,N,
Lakeland,Weller Legal Group Lakeland,Bankruptcy,Business,"1543 Lakeland Hills Blvd Ste 1, Lakeland, FL 33805",(863) 802-5505,https://www.jayweller.com/bankruptcy-lawyer-in-lakeland/,4.7,70,https://www.google.com/maps/search/?api=1&query=Weller%20Legal%20Group%20Lakeland&query_place_id=ChIJI400Rko53YgRsWYAjWpgGgE,Y,"Category ambiguity resolved: Google primary category was ""Bankruptcy service"" but business is a law firm (confirmed via secondary category/name)"
Lakeland,Weston & Pape Injury & Accident Lawyers,Personal Injury,Personal Injury,"102 W Orange St, Lakeland, FL 33815",(863) 591-8923,https://dwaccidentlawyer.com/,5,155,https://www.google.com/maps/search/?api=1&query=Weston%20%26%20Pape%20Injury%20%26%20Accident%20Lawyers&query_place_id=ChIJ6fe6vPk53YgRJZPN2zbHKJw,Y,
Lakeland,"Wiggs Law Firm, PLLC",General/Unspecified,General,"4404 Florida Ave S #1, Lakeland, FL 33813",(863) 733-1333,,5,5,https://www.google.com/maps/search/?api=1&query=Wiggs%20Law%20Firm%2C%20PLLC&query_place_id=ChIJ62doWO053YgROzG9zu5oid8,N,
Lakeland,"William H. Harrell, PLLC",General/Unspecified,General,"632 E Main St Ste 201, Lakeland, FL 33801",(863) 608-9413,http://www.wharrell.com/,5,50,https://www.google.com/maps/search/?api=1&query=William%20H.%20Harrell%2C%20PLLC&query_place_id=ChIJKbudIIY_3YgRejsJSzX17w8,Y,
Lakeland,Winters & Yonker Personal Injury Lawyers,"Personal Injury, Civil Litigation, Insurance","Personal Injury, General","1543 Lakeland Hills Blvd #18, Lakeland, FL 33805",(863) 302-9370,https://www.wintersandyonker.com/lakeland-personal-injury-lawyer/?utm_source=google&utm_medium=organic&utm_campaign=gmb-lakeland,5,36,https://www.google.com/maps/search/?api=1&query=Winters%20%26%20Yonker%20Personal%20Injury%20Lawyers&query_place_id=ChIJKW6SaZQ_3YgRfxbfO5J2tC4,Y,
Lakeland,Ziegler Diamond Law,"Bankruptcy, Civil Litigation, Personal Injury","Business, General, Personal Injury","206 Easton Dr, Lakeland, FL 33803",(863) 457-1941,https://attorneydebtfighters.com/lakeland-bankruptcy-attorney/,5,1,https://www.google.com/maps/search/?api=1&query=Ziegler%20Diamond%20Law&query_place_id=ChIJiZ-VaBWj54gRXrqIgP6gB-A,Y,
Lakeland,Zoecklein Law Lakeland,"Estate Planning, Elder Law",Estate/Probate,"1643 Williamsburg Square #136, Lakeland, FL 33803",(863) 808-0530,https://www.zoeckleinlawpa.com/lakeland-probate-attorney/,4.8,70,https://www.google.com/maps/search/?api=1&query=Zoecklein%20Law%20Lakeland&query_place_id=ChIJS-OtGbMX3YgRCIYP77kpKMk,Y,
Plant City,Bay Area Legal Services,General/Unspecified,General,"1503 S Alexander St Ste 103, Plant City, FL 33563",(800) 625-2257,http://www.bals.org/,3.6,16,https://www.google.com/maps/search/?api=1&query=Bay%20Area%20Legal%20Services&query_place_id=ChIJA9hvqLE23YgRZOW4pHVOJi8,Y,
Plant City,"Byrd & Barnhill, P.L.","Criminal Defense, Estate Planning, Family Law, General Practice, Real Estate","Criminal/DUI, Estate/Probate, Family/Divorce, General, Real Estate","206 N Collins St, Plant City, FL 33563",(813) 759-1224,https://byrd-law.com/,4.7,118,https://www.google.com/maps/search/?api=1&query=Byrd%20%26%20Barnhill%2C%20P.L.&query_place_id=ChIJtWW2a4M23YgRwAEi1VldrF0,Y,
Plant City,Charles S. White PA,"Real Estate, Business, Elder Law, Family Law, Personal Injury","Real Estate, Business, Estate/Probate, Family/Divorce, Personal Injury","110 E Reynolds St #900, Plant City, FL 33563",(813) 752-6155,http://www.cswatty.com/,3.7,11,https://www.google.com/maps/search/?api=1&query=Charles%20S.%20White%20PA&query_place_id=ChIJf9z4NoM23YgR6cf7YlL_eUM,Y,
Plant City,"Conley Immigration Law Group, PLLC",Immigration,Immigration,"1805 James L Redman Pkwy Ste 201, Plant City, FL 33563",(813) 708-2910,,,,https://www.google.com/maps/search/?api=1&query=Conley%20Immigration%20Law%20Group%2C%20PLLC&query_place_id=ChIJF4Nd5P833YgRicNzPizUmaM,N,
Plant City,"Cynthia M. Petitjean, P.L.",Tax,Business,"1306 Thonotosassa Rd, Plant City, FL 33563",(813) 659-2020,http://plantcityattorney.com/,5,4,https://www.google.com/maps/search/?api=1&query=Cynthia%20M.%20Petitjean%2C%20P.L.&query_place_id=ChIJtbT8fSU03YgRCUmQNKS83kg,Y,
Plant City,David H Galloway PA Attorney,"Family Law, Estate Planning, Personal Injury, Real Estate","Family/Divorce, Estate/Probate, Personal Injury, Real Estate","506 N Alexander St, Plant City, FL 33563",(813) 754-3438,,5,3,https://www.google.com/maps/search/?api=1&query=David%20H%20Galloway%20PA%20Attorney&query_place_id=ChIJaeZmMy403YgR8JZgmL7aIbY,N,
Plant City,"Dwyer, John A","Bankruptcy, Estate Planning, Family Law, Tax","Business, Estate/Probate, Family/Divorce","506 N Alexander St, Plant City, FL 33563",(813) 754-1198,,4.2,10,https://www.google.com/maps/search/?api=1&query=Dwyer%2C%20John%20A&query_place_id=ChIJK6_qNC403YgR6LJ5UkRit_w,N,
Plant City,Evans Stephen L,General/Unspecified,General,"104 N Thomas St, Plant City, FL 33563",(813) 752-1795,,4.5,8,https://www.google.com/maps/search/?api=1&query=Evans%20Stephen%20L&query_place_id=ChIJy2IV04I23YgRyLQZD5Xq-Tg,N,
Plant City,Heritage Law Group,General/Unspecified,General,"120 N Collins St, Plant City, FL 33563",(813) 655-1801,http://www.heritagelawyers.com/,5,402,https://www.google.com/maps/search/?api=1&query=Heritage%20Law%20Group&query_place_id=ChIJn8r2Q4M23YgRcOIgL_i7LgM,Y,
Plant City,"Jayson, Farthing, Skafidas & Wright, P.A.",Personal Injury,Personal Injury,"104 N Thomas St, Plant City, FL 33563",(877) 345-5379,http://www.jfswlaw.com/,,,https://www.google.com/maps/search/?api=1&query=Jayson%2C%20Farthing%2C%20Skafidas%20%26%20Wright%2C%20P.A.&query_place_id=ChIJy2IV04I23YgRjvSN30GVidA,Y,
Plant City,"Joseph J. Nolan, P.A.",General/Unspecified,General,"111 S Palmer St, Plant City, FL 33563",(813) 473-8120,http://www.josephjnolanpa.com/contact.html,,,https://www.google.com/maps/search/?api=1&query=Joseph%20J.%20Nolan%2C%20P.A.&query_place_id=ChIJ_RBeqpw23YgRkv-CuqQPN9Q,Y,
Plant City,Kevin L. Sullivan II.,Personal Injury,Personal Injury,"1805 James L Redman Pkwy Ste 201, Plant City, FL 33563",(813) 598-4868,http://lawkevin.com/,5,16,https://www.google.com/maps/search/?api=1&query=Kevin%20L.%20Sullivan%20II.&query_place_id=ChIJRW03RWY33YgRDYF_geKOT7c,Y,
Plant City,KFB Law - Car Accident & Personal Injury Lawyers,"Elder Law, Insurance, Personal Injury","Estate/Probate, Personal Injury","1001 E Baker St #201c, Plant City, FL 33563",(813) 705-7823,https://kfblaw.com/locations/plant-city-personal-injury-attorney/?utm_source=localsearch&utm_medium=organic&utm_campaign=googlemybusiness,4.5,2,https://www.google.com/maps/search/?api=1&query=KFB%20Law%20-%20Car%20Accident%20%26%20Personal%20Injury%20Lawyers&query_place_id=ChIJo9HwQiU03YgRY9C-RZbid3U,Y,
Plant City,Kinney Fernandez & Boire: Fernandez Marcus,General/Unspecified,General,"1408 Reynolds St B, Plant City, FL 33563",(813) 757-1694,https://kfblaw.com/,5,2,https://www.google.com/maps/search/?api=1&query=Kinney%20Fernandez%20%26%20Boire%3A%20Fernandez%20Marcus&query_place_id=ChIJo9HwQiU03YgRsFJ-cQnj6XY,Y,
Plant City,Law Office of Herman and Herman,Estate Planning,Estate/Probate,"607 S Alexander St Ste 111, Plant City, FL 33563",(813) 704-6892,https://www.hermanandhermanesq.com/?utm_source=google-local&utm_medium=organic&utm_campaign=3513,5,1,https://www.google.com/maps/search/?api=1&query=Law%20Office%20of%20Herman%20and%20Herman&query_place_id=ChIJc0G9_Rk03YgRflUjMHTtMKE,Y,
Plant City,Law Office of Rocio A. Perez-Lugo,General/Unspecified,General,"1003 S Alexander St #1, Plant City, FL 33563",(813) 754-7835,,3.8,11,https://www.google.com/maps/search/?api=1&query=Law%20Office%20of%20Rocio%20A.%20Perez-Lugo&query_place_id=ChIJBY18yCI03YgR8oUkOIOLu7w,N,
Plant City,Makar Law Firm - Immigration Attorneys,Immigration,Immigration,"1403 Reynolds St, Plant City, FL 33563",(813) 756-6600,http://www.themakarlawfirm.com/,4.9,101,https://www.google.com/maps/search/?api=1&query=Makar%20Law%20Firm%20-%20Immigration%20Attorneys&query_place_id=ChIJpUcPppw23YgRL45DyoqdzWU,Y,
Plant City,Maranatha Law - Accident & Injury Lawyers,Personal Injury,Personal Injury,"410 W Renfro St Ste D, Plant City, FL 33563",(813) 686-2335,https://maranathalaw.com/plant-city/,5,6,https://www.google.com/maps/search/?api=1&query=Maranatha%20Law%20-%20Accident%20%26%20Injury%20Lawyers&query_place_id=ChIJk-oWkiQ33YgRGdXkqU4jEJ4,Y,Multi-branch: 2 Polk County locations for this firm
Plant City,"Rogo Law - Plant City, FL",General/Unspecified,General,"1303 N Wheeler St, Plant City, FL 33563",(813) 707-1488,https://www.rogolaw.net/contact-us/plant-city-fl/,5,1,https://www.google.com/maps/search/?api=1&query=Rogo%20Law%20-%20Plant%20City%2C%20FL&query_place_id=ChIJA1ntS4033YgRFONOqlOAqXg,Y,
Plant City,"Ronald S. Tulin, PL",Criminal Defense,Criminal/DUI,"3126 FL-574, Plant City, FL 33563",(813) 717-9400,,4.4,49,https://www.google.com/maps/search/?api=1&query=Ronald%20S.%20Tulin%2C%20PL&query_place_id=ChIJhbW8WoQ23YgRI539EyVZdwQ,N,
Plant City,"Ruballos Law Firm, PLLC",Immigration,Immigration,"1805 James L Redman Pkwy Ste 201, Plant City, FL 33563",(813) 822-4552,,5,12,https://www.google.com/maps/search/?api=1&query=Ruballos%20Law%20Firm%2C%20PLLC&query_place_id=ChIJa2asOiI33YgR4-LEjyB2EfY,N,
Plant City,Sperry Law Firm,"General Practice, Business, Civil Litigation, Estate Planning, Real Estate","General, Business, Estate/Probate, Real Estate","1607 S Alexander St Ste 101, Plant City, FL 33563",(813) 754-3030,http://www.sperrylaw-pc.com/,5,16,https://www.google.com/maps/search/?api=1&query=Sperry%20Law%20Firm&query_place_id=ChIJ3fAU1iQ03YgRd87bWb_9nUI,Y,
Plant City,State Attorney's Office - Plant City,General/Unspecified,General,"301 N Michigan Ave # 1022, Plant City, FL 33563",(813) 757-3890,http://www.sao13th.com/,4.7,3,https://www.google.com/maps/search/?api=1&query=State%20Attorney's%20Office%20-%20Plant%20City&query_place_id=ChIJ8QvbV4Q23YgROvwZHzaFsZM,Y,
Plant City,"The Law Office of David Heller, PLLC",General/Unspecified,General,"1805 James L Redman Pkwy Ste 201, Plant City, FL 33563",(813) 652-0013,https://davidhellerlaw.com/,5,1,https://www.google.com/maps/search/?api=1&query=The%20Law%20Office%20of%20David%20Heller%2C%20PLLC&query_place_id=ChIJeS4gJ7E33YgRAoQ2wHvgu10,Y,
Plant City,"The Law Office of Keith Will Wynne, Esq.","Bankruptcy, Criminal Defense, Divorce, Family Law, General Practice, Estate Planning","Business, Criminal/DUI, Family/Divorce, General, Estate/Probate","1001 E Baker St Ste 101, Plant City, FL 33563",(813) 567-5894,,3.9,11,https://www.google.com/maps/search/?api=1&query=The%20Law%20Office%20of%20Keith%20Will%20Wynne%2C%20Esq.&query_place_id=ChIJ6QOCc4823YgR_zLeqUpps8M,N,
Plant City,"The Tancredo Law Firm, P.A.","Bankruptcy, Family Law, Tax","Business, Family/Divorce","1306 Thonotosassa Rd, Plant City, FL 33563",(813) 659-3612,https://tancredolaw.com/,4.8,55,https://www.google.com/maps/search/?api=1&query=The%20Tancredo%20Law%20Firm%2C%20P.A.&query_place_id=ChIJk75Xhy803YgReFNnfc0xtdE,Y,
Plant City,Trinkle Redman P.A.,"Real Estate, Estate Planning","Real Estate, Estate/Probate","121 N Collins St, Plant City, FL 33563",(813) 752-6133,http://trinkle-law.com/,4.5,16,https://www.google.com/maps/search/?api=1&query=Trinkle%20Redman%20P.A.&query_place_id=ChIJU95yR4M23YgR0DLKr6yC_PI,Y,
Plant City,Willy Mo Law: JMW,Personal Injury,Personal Injury,"1409 Berryfest Pl, Plant City, FL 33563",(813) 719-6605,,3.9,23,https://www.google.com/maps/search/?api=1&query=Willy%20Mo%20Law%3A%20JMW&query_place_id=ChIJ8z8i5aM23YgRj42tH7OAG2o,N,
Winter Haven,"Abercrombie, P.A.",Personal Injury,Personal Injury,"250 Magnolia Ave Suite 200 DD-4, Winter Haven, FL 33880",(863) 229-5920,https://www.abercrombiepa.com/,4.1,13,https://www.google.com/maps/search/?api=1&query=Abercrombie%2C%20P.A.&query_place_id=ChIJtYv7AWdw54gR-lbz2-RYz8k,Y,
Winter Haven,Abrahamson & Uiterwyk Car Accident and Personal Injury Lawyers,"Personal Injury, Civil Litigation, Elder Law, Insurance","Personal Injury, General, Estate/Probate","308 Ave G SW #205, Winter Haven, FL 33880",(863) 209-9638,https://www.theinjurylawyers.com/winter-haven-car-accident-lawyer/?utm_medium=organic&utm_source=gmb&utm_campaign=website&utm_term=winterhaven,5,19,https://www.google.com/maps/search/?api=1&query=Abrahamson%20%26%20Uiterwyk%20Car%20Accident%20and%20Personal%20Injury%20Lawyers&query_place_id=ChIJ3QxpjpIT3YgR41BZpPA0pTQ,Y,Multi-branch: 3 Polk County locations for this firm
Winter Haven,"AlexanderDonalson, PLLC",General/Unspecified,General,"250 3rd St NW Ste 102, Winter Haven, FL 33881",(863) 297-5111,https://alexanderdonalsonpllc.cliogrow.com/,3,2,https://www.google.com/maps/search/?api=1&query=AlexanderDonalson%2C%20PLLC&query_place_id=ChIJ04mt7-YT3YgRjBtrIkixfVc,Y,
Winter Haven,"Amy L. Phillips, PLLC - Attorney",Estate Planning,Estate/Probate,"99 6th St SW, Winter Haven, FL 33880",(863) 268-8292,http://www.amyphillipspllc.com/?utm_source=google&utm_medium=organic&utm_campaign=gbp_listing,4.8,76,https://www.google.com/maps/search/?api=1&query=Amy%20L.%20Phillips%2C%20PLLC%20-%20Attorney&query_place_id=ChIJ3cJelOES3YgR-euQEbaiOu4,Y,
Winter Haven,"Amy P. Tucker, P.L.",Elder Law,Estate/Probate,"601 W Central Ave, Winter Haven, FL 33880",(863) 268-8292,http://www.amyphillipspllc.com/,,,https://www.google.com/maps/search/?api=1&query=Amy%20P.%20Tucker%2C%20P.L.&query_place_id=ChIJZTev0eQS3YgRR6ZzDC_6RCw,Y,
Winter Haven,Andrew Trakas Pa,General/Unspecified,General,"123 Ave C SW, Winter Haven, FL 33880",(863) 299-5675,,5,3,https://www.google.com/maps/search/?api=1&query=Andrew%20Trakas%20Pa&query_place_id=ChIJl433ZuQS3YgRpoK1LoaVxpU,N,
Winter Haven,Attorney J. Kemp Brinson,General/Unspecified,General,"332 Ave B SW, Winter Haven, FL 33880",(863) 687-1771,https://polklawyer.com/,4.3,6,https://www.google.com/maps/search/?api=1&query=Attorney%20J.%20Kemp%20Brinson&query_place_id=ChIJO9DgROES3YgRey8nLFjwQ_g,Y,
Winter Haven,Attorney Lance Holden,Personal Injury,Personal Injury,"117 Ave B SW, Winter Haven, FL 33880",(863) 618-1100,,5,1,https://www.google.com/maps/search/?api=1&query=Attorney%20Lance%20Holden&query_place_id=ChIJs71MLuQS3YgRdcr-yZCnNS4,N,
Winter Haven,Brooks Law Group - Social Security Attorney,"Social Security Disability, Personal Injury","General, Personal Injury","1401 Havendale Blvd NW, Winter Haven, FL 33881",(863) 250-7084,https://brookslawgroup.com/florida/social-security-disability-lawyer/?utm_source=google&utm_medium=organic&utm_campaign=gbp-listing-winter-haven,4.3,121,https://www.google.com/maps/search/?api=1&query=Brooks%20Law%20Group%20-%20Social%20Security%20Attorney&query_place_id=ChIJVS6Fmi4T3YgRhG2oBjv1_FM,Y,
Winter Haven,Brooks Law Group - Winter Haven Personal Injury Lawyer,Personal Injury,Personal Injury,"123 1st St N, Winter Haven, FL 33881",(863) 880-1866,https://brookslawgroup.com/winter-haven/personal-injury-lawyer/?utm_source=google&utm_medium=organic&utm_campaign=gbp-listing-winter-haven,4.8,771,https://www.google.com/maps/search/?api=1&query=Brooks%20Law%20Group%20-%20Winter%20Haven%20Personal%20Injury%20Lawyer&query_place_id=ChIJ-Yd3-OYS3YgRQ61cwWKwdXc,Y,
Winter Haven,"Burnetti, P.A.",Personal Injury,Personal Injury,"99 6th St SW Ste 205, Winter Haven, FL 33880",(863) 343-2866,https://www.burnetti.com/winter-haven/?utm_source=GMB&utm_medium=organic&utm_campaign=winterhaven,5,10,https://www.google.com/maps/search/?api=1&query=Burnetti%2C%20P.A.&query_place_id=ChIJNaynazMT3YgRJBsYUF_-Ne4,Y,Multi-branch: 2 Polk County locations for this firm
Winter Haven,Butz Kelly P,General/Unspecified,General,"99 6th St SW, Winter Haven, FL 33880",(863) 293-5000,,,,https://www.google.com/maps/search/?api=1&query=Butz%20Kelly%20P&query_place_id=ChIJnTdOieES3YgR2B2B01jcb9I,N,
Winter Haven,"Daniel A Fox, P.A.",General/Unspecified,General,"107 Avenue A NW, Winter Haven, FL 33881",(863) 223-3200,https://danfoxlaw.com/,2.6,5,https://www.google.com/maps/search/?api=1&query=Daniel%20A%20Fox%2C%20P.A.&query_place_id=ChIJN-TINMoT3YgR-Q84EAel4bw,Y,
Winter Haven,DICESARE DAVIDSON & BARKER PA,Social Security Disability,General,"72 4th St NW, Winter Haven, FL 33881",(863) 648-5999,http://ddblaw.com/,5,1,https://www.google.com/maps/search/?api=1&query=DICESARE%20DAVIDSON%20%26%20BARKER%20PA&query_place_id=ChIJp23SgqoT3YgRMBI-iB5sn6I,Y,
Winter Haven,Domingo G Alvarez Law Office,General/Unspecified,General,"190 Avenue A NW, Winter Haven, FL 33881",(863) 401-3422,,,,https://www.google.com/maps/search/?api=1&query=Domingo%20G%20Alvarez%20Law%20Office&query_place_id=ChIJz9kLxeYS3YgRPvrNxgp6O2Y,N,
Winter Haven,Florida Marchman Act - Substance Abuse Treatment Legal Services,General/Unspecified,General,"150 3rd St SW, Winter Haven, FL 33880",(863) 875-2752,,,,https://www.google.com/maps/search/?api=1&query=Florida%20Marchman%20Act%20-%20Substance%20Abuse%20Treatment%20Legal%20Services&query_place_id=ChIJvy6I5OMS3YgR7I8uvfugMKg,N,
Winter Haven,Floyd Sammons & Spanjers,"Real Estate, Elder Law, Estate Planning, General Practice","Real Estate, Estate/Probate, General","1556 6th St SE, Winter Haven, FL 33880",(863) 293-3801,http://www.winterhavenlegal.com/,4.1,8,https://www.google.com/maps/search/?api=1&query=Floyd%20Sammons%20%26%20Spanjers&query_place_id=ChIJYeUqKPQS3YgROBL6Vzu6Wgc,Y,
Winter Haven,"Geffrard Law, P.A.","Business, Civil Litigation, Divorce, Estate Planning","Business, General, Family/Divorce, Estate/Probate","325 Ave C SW, Winter Haven, FL 33880",(863) 535-6916,http://geffrard.com/,4.8,17,https://www.google.com/maps/search/?api=1&query=Geffrard%20Law%2C%20P.A.&query_place_id=ChIJw-GnJlU53YgRVsCzB8aq68w,Y,
Winter Haven,Hall & Bennett Attorney,General/Unspecified,General,"146 Avenue B NW, Winter Haven, FL 33881",(863) 293-9670,http://www.jbennettlaw.com/,5,2,https://www.google.com/maps/search/?api=1&query=Hall%20%26%20Bennett%20Attorney&query_place_id=ChIJvW6nIOcS3YgRiK7AOQxK_G0,Y,
Winter Haven,Hileman Byron P,General/Unspecified,General,"141 W Central Ave #7, Winter Haven, FL 33880",(863) 299-4883,,5,1,https://www.google.com/maps/search/?api=1&query=Hileman%20Byron%20P&query_place_id=ChIJLe5PleYS3YgRd4rKH1L_t0Q,N,
Winter Haven,Howell & Thornhill,Personal Injury,Personal Injury,"1350 Havendale Blvd NW, Winter Haven, FL 33881",(863) 293-3166,https://howellthornhill.com/office-locations/howell-thornhill-winter-haven-fl/?utm_source=gbp&utm_medium=organic&utm_campaign=gbp-website-winter-haven,4.8,229,https://www.google.com/maps/search/?api=1&query=Howell%20%26%20Thornhill&query_place_id=ChIJdZmduS4T3YgR40BzLKMcdUk,Y,
Winter Haven,Hunt & Smith Law Firm Pa: Hunt D Andrew,General/Unspecified,General,"326 E Central Ave, Winter Haven, FL 33880",(863) 299-1423,,5,1,https://www.google.com/maps/search/?api=1&query=Hunt%20%26%20Smith%20Law%20Firm%20Pa%3A%20Hunt%20D%20Andrew&query_place_id=ChIJwUQ5lugS3YgRWFomFn3TLk8,N,
Winter Haven,Injury Assistance Law Firm,Personal Injury,Personal Injury,"20 3rd St SW Ste 302, Winter Haven, FL 33880",(321) 234-2900,http://www.injuryassistancelawfirm.com/,5,1,https://www.google.com/maps/search/?api=1&query=Injury%20Assistance%20Law%20Firm&query_place_id=ChIJCWd7ROES3YgR-42QERGV4z0,Y,
Winter Haven,J David Pojecky Law Office,General/Unspecified,General,"786 Ave C SW, Winter Haven, FL 33880",(863) 299-3754,,,,https://www.google.com/maps/search/?api=1&query=J%20David%20Pojecky%20Law%20Office&query_place_id=ChIJVd_Frh0T3YgRetcFRiXKLIs,N,
Winter Haven,"J. Kelly Kennedy, Attorney/CPA, PLLC","Estate Planning, Real Estate, Tax","Estate/Probate, Real Estate, Business","141 5th St NW #300, Winter Haven, FL 33881",(863) 294-1114,http://www.rignaneselaw.com/,2.7,7,https://www.google.com/maps/search/?api=1&query=J.%20Kelly%20Kennedy%2C%20Attorney%2FCPA%2C%20PLLC&query_place_id=ChIJd55c0-US3YgRyEcckXefGjw,Y,
Winter Haven,"Jesse J. Bennett, Jr., PA",Divorce,Family/Divorce,"99 6th St SW Ste 108, Winter Haven, FL 33880",(863) 293-9670,https://jbennettlaw.com/,5,9,https://www.google.com/maps/search/?api=1&query=Jesse%20J.%20Bennett%2C%20Jr.%2C%20PA&query_place_id=ChIJoYLM3-YS3YgRdXmzB1sqcwc,Y,
Winter Haven,Jiles & Fugate Law Group,"Personal Injury, Social Security Disability","Personal Injury, General","601 W Central Ave, Winter Haven, FL 33880",(863) 875-6900,https://gotocourtforme.com/,4.8,138,https://www.google.com/maps/search/?api=1&query=Jiles%20%26%20Fugate%20Law%20Group&query_place_id=ChIJEc081eQS3YgRaYn0C28DccI,Y,
Winter Haven,Joiner James T,General/Unspecified,General,"318 4th St NW, Winter Haven, FL 33881",(863) 299-1284,http://www.joinerpa.com/,4.6,10,https://www.google.com/maps/search/?api=1&query=Joiner%20James%20T&query_place_id=ChIJv4Z3SvoS3YgRDTaZD5oGNYo,Y,
Winter Haven,JustCallMoe Injury & Accident Attorneys,Personal Injury,Personal Injury,"150 3rd St SW Ste 210, Winter Haven, FL 33880",(863) 622-9493,https://justcallmoe.com/winter-haven-personal-injury-lawyer/?utm_source=google&utm_medium=organic&utm_campaign=gbp_winter_haven,5,246,https://www.google.com/maps/search/?api=1&query=JustCallMoe%20Injury%20%26%20Accident%20Attorneys&query_place_id=ChIJrVlO2nUT3YgRoGbQM6Dz2ic,Y,
Winter Haven,Kaylor & Kaylor PA,General/Unspecified,General,"525 Avenue G NW, Winter Haven, FL 33881",(863) 299-1241,http://kkllaw.com/,4,4,https://www.google.com/maps/search/?api=1&query=Kaylor%20%26%20Kaylor%20PA&query_place_id=ChIJ812pyt8S3YgRQ9F3aZrEoec,Y,
Winter Haven,"Kaylor, Kaylor & Leto, P.A. - Havendale","Social Security Disability, Personal Injury","General, Personal Injury","1375 Havendale Blvd NW, Winter Haven, FL 33881",(863) 968-7837,http://www.kkllaw.com/,3.3,12,https://www.google.com/maps/search/?api=1&query=Kaylor%2C%20Kaylor%20%26%20Leto%2C%20P.A.%20-%20Havendale&query_place_id=ChIJSd-8JywT3YgRpiqMPa812Q0,Y,
Winter Haven,"Kemp Injury Law, P.A.",Personal Injury,Personal Injury,"99 6th St SW Ste 204, Winter Haven, FL 33880",(863) 225-0254,https://kempinjurylawpa.com/?utm_source=GBP&utm_medium=organic,5,108,https://www.google.com/maps/search/?api=1&query=Kemp%20Injury%20Law%2C%20P.A.&query_place_id=ChIJkQ49SOsNziERbefWK6VSucQ,Y,
Winter Haven,Law Office of Jonathan Mills,Criminal Defense,Criminal/DUI,"501 Ave S NW, Winter Haven, FL 33881",(321) 263-6028,http://attorneymills.com/,4.1,13,https://www.google.com/maps/search/?api=1&query=Law%20Office%20of%20Jonathan%20Mills&query_place_id=ChIJ8xNe_SAX3YgRjrEGwALFCkw,Y,
Winter Haven,"Law Offices of Elizabeth P. Davis, P.A",General/Unspecified,General,"114 Bates Ave SW, Winter Haven, FL 33880",(863) 875-6817,http://elizabethdavislaw.com/,2.9,11,https://www.google.com/maps/search/?api=1&query=Law%20Offices%20of%20Elizabeth%20P.%20Davis%2C%20P.A&query_place_id=ChIJo1uXRuQS3YgR6HYgv28BsgA,Y,
Winter Haven,lawyer - william twyford,General/Unspecified,General,"601 W Central Ave, Winter Haven, FL 33880",(863) 585-5283,http://www.twyfordlawllc.com/contact.htm,5,2,https://www.google.com/maps/search/?api=1&query=lawyer%20-%20william%20twyford&query_place_id=ChIJAQAw0eQS3YgRaaJtYT4254M,Y,
Winter Haven,Matthew Kaylor,"Criminal Defense, Divorce, Personal Injury","Criminal/DUI, Family/Divorce, Personal Injury","375 E Central Ave #361, Winter Haven, FL 33880",(863) 614-1681,https://www.kaylorlaw.com/,5,7,https://www.google.com/maps/search/?api=1&query=Matthew%20Kaylor&query_place_id=ChIJaUw7legS3YgRJ-qHHhJ-uk4,Y,Multi-branch: 2 Polk County locations for this firm
Winter Haven,O'Toole Neal,General/Unspecified,General,"70 4th St NW, Winter Haven, FL 33881",(863) 294-8100,https://otoolepa.com/,5,2,https://www.google.com/maps/search/?api=1&query=O'Toole%20Neal&query_place_id=ChIJIcjFGuES3YgRE5c8PW39Yxs,Y,
Winter Haven,Oram Law,"Estate Planning, Elder Law, Real Estate","Estate/Probate, Real Estate","308 Ave G SW #209, Winter Haven, FL 33880",(863) 259-4743,https://oram.law/,4.7,59,https://www.google.com/maps/search/?api=1&query=Oram%20Law&query_place_id=ChIJ_bFu018N3YgRLusoZ0t5o7s,Y,
Winter Haven,Pencheff and Fraley Injury and Accident Attorneys,"Personal Injury, Insurance",Personal Injury,"800 1st St S Ste A, Winter Haven, FL 33880",(863) 474-8011,https://pencheffandfraley.com/,4.3,6,https://www.google.com/maps/search/?api=1&query=Pencheff%20and%20Fraley%20Injury%20and%20Accident%20Attorneys&query_place_id=ChIJwXc70iET3YgRj7LVufEqgqo,Y,
Winter Haven,Peterson & Myers PA,General/Unspecified,General,"130 Bates Ave SW Fourth Floor, Winter Haven, FL 33880",(863) 294-3360,http://www.petersonmyers.com/,5,16,https://www.google.com/maps/search/?api=1&query=Peterson%20%26%20Myers%20PA&query_place_id=ChIJWTUJAeES3YgRySDvSPNRMAY,Y,Multi-branch: 2 Polk County locations for this firm
Winter Haven,Rex Cowan Law Offices,General/Unspecified,General,"505 Avenue A NW Ste 200, Winter Haven, FL 33881",(863) 294-9433,,5,4,https://www.google.com/maps/search/?api=1&query=Rex%20Cowan%20Law%20Offices&query_place_id=ChIJ-__qCOES3YgR-4kDpN-UUkA,N,
Winter Haven,"Rignanese & Associates, PLLC",General/Unspecified,General,"141 5th St NW #300, Winter Haven, FL 33881",(863) 294-1114,http://www.rignaneselaw.com/,4.9,159,https://www.google.com/maps/search/?api=1&query=Rignanese%20%26%20Associates%2C%20PLLC&query_place_id=ChIJQWg60uYS3YgRlXpKrqvY1gA,Y,
Winter Haven,Robert J. Stambaugh,"Civil Litigation, Estate Planning, Real Estate","General, Estate/Probate, Real Estate","99 6th St SW, Winter Haven, FL 33880",(863) 293-5000,http://winterhavenlaw.com/,5,2,https://www.google.com/maps/search/?api=1&query=Robert%20J.%20Stambaugh&query_place_id=ChIJnTdOieES3YgR_a3qfJPgbpc,Y,
Winter Haven,"Rodney Durrance, Jr., Attorney","Bankruptcy, Divorce, Estate Planning, Family Law","Business, Family/Divorce, Estate/Probate","143 Ave A SE, Winter Haven, FL 33880",(863) 594-2092,,2.3,3,https://www.google.com/maps/search/?api=1&query=Rodney%20Durrance%2C%20Jr.%2C%20Attorney&query_place_id=ChIJh4Zvk_0S3YgRDfvuEUSkdmc,N,
Winter Haven,Roy and Amico Law Group,"Family Law, Criminal Defense, Divorce","Family/Divorce, Criminal/DUI","435 1st St S, Winter Haven, FL 33880",(863) 294-7898,http://royandamicolaw.com/,4.7,125,https://www.google.com/maps/search/?api=1&query=Roy%20and%20Amico%20Law%20Group&query_place_id=ChIJlR883uQS3YgRidbWeEZ25Gw,Y,
Winter Haven,"Sharit, Bunn & Chilton, P.A.","Divorce, Elder Law, Estate Planning, Family Law, General Practice, Personal Injury, Real Estate","Family/Divorce, Estate/Probate, General, Personal Injury, Real Estate","99 6th St SW, Winter Haven, FL 33880",(863) 293-5000,http://www.winterhavenlaw.com/,4.4,18,https://www.google.com/maps/search/?api=1&query=Sharit%2C%20Bunn%20%26%20Chilton%2C%20P.A.&query_place_id=ChIJnTdOieES3YgRzGhN-xz9mvY,Y,
Winter Haven,Simply Blessed Law Firm,"Bankruptcy, Estate Planning, Family Law","Business, Estate/Probate, Family/Divorce","331 3rd St NW, Winter Haven, FL 33881",(863) 229-2227,https://simplyblessedlaw.com/,4.3,6,https://www.google.com/maps/search/?api=1&query=Simply%20Blessed%20Law%20Firm&query_place_id=ChIJAy50WFAT3YgRqxVQnEBxGas,Y,
Winter Haven,Smith J Ron,General/Unspecified,General,"70 4th St NW, Winter Haven, FL 33881",(863) 294-8100,http://www.loblawyers.com/,,,https://www.google.com/maps/search/?api=1&query=Smith%20J%20Ron&query_place_id=ChIJIcjFGuES3YgRYJXILNHrN_E,Y,
Winter Haven,Sonya Charmaine Davis P.A.,General/Unspecified,General,"140 2nd St NW, Winter Haven, FL 33881",(863) 294-8285,,2.5,13,https://www.google.com/maps/search/?api=1&query=Sonya%20Charmaine%20Davis%20P.A.&query_place_id=ChIJuYsT1-YS3YgRs1yrQv9NF1Y,N,
Winter Haven,"Southern Atlantic Law Group, PLLC",General/Unspecified,General,"290 1st St S, Winter Haven, FL 33880",(863) 656-6672,https://southernatlanticlaw.com/,5,60,https://www.google.com/maps/search/?api=1&query=Southern%20Atlantic%20Law%20Group%2C%20PLLC&query_place_id=ChIJIckhylsT3YgRC48JD1FLIR8,Y,
Winter Haven,"Stephen Brooks, Personal Injury Attorney",Personal Injury,Personal Injury,"123 1st St N, Winter Haven, FL 33881",(800) 529-3030,https://brookslawgroup.com/attorneys/stephen-brooks/?utm_source=local&utm_medium=organic&utm_campaign=gmb_stbrooks,5,1,https://www.google.com/maps/search/?api=1&query=Stephen%20Brooks%2C%20Personal%20Injury%20Attorney&query_place_id=ChIJL0txywQT3YgRVP-5DFZQM9Q,Y,
Winter Haven,"Stone Law Group, P.L.",Estate Planning,Estate/Probate,"314 Ave K SE, Winter Haven, FL 33880",(863) 439-4500,http://www.stonelawgroupfl.com/,5,20,https://www.google.com/maps/search/?api=1&query=Stone%20Law%20Group%2C%20P.L.&query_place_id=ChIJFzhemvAS3YgR_sjjzoPpuBc,Y,
Winter Haven,"Straughn & Turner, P.A.","Real Estate, Estate Planning","Real Estate, Estate/Probate","255 Magnolia Ave SW, Winter Haven, FL 33880",(863) 293-1184,http://www.straughnturner.com/,4,48,https://www.google.com/maps/search/?api=1&query=Straughn%20%26%20Turner%2C%20P.A.&query_place_id=ChIJj-Ur8eMS3YgRbgsJtP1RzGk,Y,
Winter Haven,"The Berlinsky Law Firm, P.A.",Bankruptcy,Business,"501 Ave S NW, Winter Haven, FL 33881",(863) 409-7961,http://www.863bankruptcylawyer.com/,4.7,46,https://www.google.com/maps/search/?api=1&query=The%20Berlinsky%20Law%20Firm%2C%20P.A.&query_place_id=ChIJi00tKuUS3YgRW0a-TXfSx9g,Y,
Winter Haven,The Florida Law Group,Personal Injury,Personal Injury,"99 6th St SW Ste 105, Winter Haven, FL 33880",(833) 899-0310,https://www.thefloridalawgroup.com/winter-haven/,5,3,https://www.google.com/maps/search/?api=1&query=The%20Florida%20Law%20Group&query_place_id=ChIJ0WgpbDUT3YgR4lQKicMc0AM,Y,
Winter Haven,"The Streeter Law Firm, P.A.",General/Unspecified,General,"332 Ave B SW Ste 200 40, Winter Haven, FL 33880",(863) 222-4037,http://www.streeterfirm.com/,4.8,30,https://www.google.com/maps/search/?api=1&query=The%20Streeter%20Law%20Firm%2C%20P.A.&query_place_id=ChIJe11MR98J3YgR1VFQAoZyPSI,Y,
Winter Haven,The Tessier Law Firm,"Estate Planning, Elder Law",Estate/Probate,"520 6th St NW, Winter Haven, FL 33881",(863) 220-7927,http://www.tessierlawfirm.com/,4.9,143,https://www.google.com/maps/search/?api=1&query=The%20Tessier%20Law%20Firm&query_place_id=ChIJ9aujDokT3YgRY5Zl-RQozw0,Y,
Winter Haven,The Turnbull Law Firm,"Personal Injury, Civil Litigation","Personal Injury, General","141 5th St NW Ste 301, Winter Haven, FL 33881",(863) 324-3500,https://turnbullinjurylaw.com/,5,49,https://www.google.com/maps/search/?api=1&query=The%20Turnbull%20Law%20Firm&query_place_id=ChIJDwRYITwT3YgRdFcQLM5ePDw,Y,
Winter Haven,"The Wilson Advocacy Group, P.A",General/Unspecified,General,"1852 1st St N, Winter Haven, FL 33881",(863) 401-8155,http://www.wilsonadvocacygroup.com/,3.5,44,https://www.google.com/maps/search/?api=1&query=The%20Wilson%20Advocacy%20Group%2C%20P.A&query_place_id=ChIJp5H1ptES3YgReUZTIMr6vIA,Y,
Winter Haven,TLC Trial Team - Winter Haven,"Personal Injury, Civil Litigation","Personal Injury, General","274 W Central Ave Ste A, Winter Haven, FL 33880",(863) 299-5539,https://tlctrialteam.com/winter-haven/,4.5,8,https://www.google.com/maps/search/?api=1&query=TLC%20Trial%20Team%20-%20Winter%20Haven&query_place_id=ChIJc2v5GdgT3YgRrVMtUxJZspk,Y,
Winter Haven,Trakas Christine A,General/Unspecified,General,"70 4th St NW, Winter Haven, FL 33881",(863) 295-9300,,4.8,4,https://www.google.com/maps/search/?api=1&query=Trakas%20Christine%20A&query_place_id=ChIJIcjFGuES3YgRYx2rDAEhvj0,N,
Winter Haven,"Victor Smith Law Group, PA",Family Law,Family/Divorce,"55 5th St NW, Winter Haven, FL 33881",(863) 268-8285,http://www.victorsmithlaw.com/,4.1,20,https://www.google.com/maps/search/?api=1&query=Victor%20Smith%20Law%20Group%2C%20PA&query_place_id=ChIJc0cgCeES3YgRNxJi1uwRodk,Y,
Winter Haven,Wright Cheri J,General/Unspecified,General,"154 Ave H SE, Winter Haven, FL 33880",(863) 293-0960,,5,1,https://www.google.com/maps/search/?api=1&query=Wright%20Cheri%20J&query_place_id=ChIJB2CRvvoS3YgRJENleBVkLlk,N,