company,post_date,text,likes,comments,shares,post_url
"1st Class Roofing, Inc.",2026-09-07T12:19:02.000Z,"Today, we recognize the people who work hard, show up, and take pride in doing the job right. We are especially thankful for the 1st Class Roofing team and the care they put into every project. Join us in wishing hardworking men and women everywhere a happy Labor Day.   #LaborDay #1stClassRoofing #RoofingProfessionals #SkilledTrades #PolkCountyFL",3,0,1,https://www.facebook.com/1stClassRoofingInc/posts/pfbid028mn6aHFuhpYxzVqEKyHk9AVQrRBHGoRXMNK9YHAh1gtQbPvEWaVJPRfLSSfn8Ye5l
"1st Class Roofing, Inc.",2026-09-03T23:00:04.000Z,"A roof is more than the shingles you see from the street. Flashing helps keep water out, vents control heat and moisture, and gutters move rain away from your home. When one part stops working, it can affect the whole system. Contact 1st Class Roofing to schedule a professional roof inspection. #1stClassRoofing #RoofInspection #FloridaRoofing #AuburndaleFL #PolkCountyHomes",1,0,0,https://www.facebook.com/1stClassRoofingInc/posts/pfbid0g5Q2c6GM7wKRqbMuYhdpJMdAQro7J1FhAZPA14aTsDpbP3H92bxrMMybCAJU4inUl
"1st Class Roofing, Inc.",2026-09-02T22:20:03.000Z,"A damaged roof does not always mean you need a full replacement. The right choice depends on the age of your roof, how much damage there is, and whether repairs have already been made in the same area. At 1st Class Roofing, we inspect the full roof and give you an honest answer based on what your home actually needs. Contact us to schedule a professional roof inspection. #RoofRepair #RoofReplacement #1stClassRoofing #PolkCountyFL #FloridaHomeowners",2,0,0,https://www.facebook.com/1stClassRoofingInc/posts/pfbid031pTtQc83ob4AiFB588soNPtHE9PKJrS5yPHsrZYkDkTbT8d4CGvbBPMFnu65U7d4l
Mighty Dog Roofing of Central Florida,2026-09-07T12:03:26.000Z,"Happy Labor Day from Mighty Dog Roofing!  Today, we’re celebrating the hard work and dedication that help build stronger homes and communities every day.   Wishing everyone a safe and relaxing Labor Day!  #LaborDay #MightyDogRoofing #YourHomesBestFriend",2,0,0,https://www.facebook.com/MightyDogRoofingCentralFlorida/posts/pfbid02NYefno9JjDSSrPoXXhunKhLK8wte22hq2tX9c8Sug4VtNaGzkGVHWAQgg516a5yNl
Mighty Dog Roofing of Central Florida,2026-09-04T16:00:54.000Z,"Storm season may be coming to a close, but that doesn't always mean your roof made it through untouched. ⛈️  High winds, hail, and heavy rain can leave behind damage that's easy to miss from the ground.   A professional roof inspection can help catch potential issues before they turn into bigger problems.   Book yours today!  #MightyDogRoofing #StormDamage #RoofInspection #Roofing",3,0,0,https://www.facebook.com/MightyDogRoofingCentralFlorida/posts/pfbid02v2kbfc4qznVW7qtLiYVauap927ziDXnoDGH9VgxK1Uxdtpuq5tx27BBAqPCJZWpal
Mighty Dog Roofing of Central Florida,2026-09-02T14:01:46.000Z,"September is here, which means cooler weather isn't far behind! 🍂  Give your roof a quick seasonal check:  🔎 Look for missing or damaged shingles 🍃 Clear debris from your roof and gutters 💧 Check inside for signs of leaks or water damage 🌳 Trim back branches hanging near your roof  Not sure what to look for? Mighty Dog Roofing is here to help.  #MightyDogRoofing #RoofingTips #HomeMaintenance #FallHomePrep",3,0,1,https://www.facebook.com/MightyDogRoofingCentralFlorida/posts/pfbid02wy29BwwAMsynxXc9ZSBnKRV11cXDEcTEAuc1LjuySoGWHPpvxi3eXs7mr4R9mmzql
Skyview Roofing Experts LLC,2026-08-24T17:08:10.000Z,Soffit Fixed & Gutter Secured 💪  This homeowner had missing soffit panels from the heavy wind and a gutter that was starting to fall off. We got everything repaired and secured so they don’t have to worry about their soffit blowing away or their gutter falling down  📞: (863)282-5107 🌐: Skyviewroofingexperts.com  #RoofingContractor #Roofingcompanywinterhaven #roofingcompanynearwinterhaven #RoofReplacement #RoofingContractor #winterhaven #BartowFL #RoofRepair #PolkCountyFL #EagleLakeFL,4,0,2,https://www.facebook.com/permalink.php?story_fbid=pfbid02TnugrCCKKxatmj4vrtzuFgfSWayb8QkSaZNNfoUrEGBYgmJawkH518cR6H2Ec1UNl&id=61575704142678
Skyview Roofing Experts LLC,2026-08-21T20:14:20.000Z,"Wrapping up the week here in Inwood, FL with this beautiful metal roof installation! 🔥🏠  Another home completed with quality workmanship and attention to detail.   📍 Inwood, FL 📞 (863)409-7686 🌐 Skyviewroofingexperts.com  #SkyviewRoofingExperts #MetalRoof #InwoodFL #Roofing #RoofInstallation #Roofingcompanywinterhaven",8,0,4,https://www.facebook.com/permalink.php?story_fbid=pfbid0ooVCFdweDt6TUj5yZr1Bn7HLZsb8iFdbpiWMyszHPseW8ZEBFt7M8n77qRqgPriZl&id=61575704142678
Skyview Roofing Experts LLC,2026-08-18T00:22:17.000Z,"🏠 Before & After | Winter Haven, FL 🔥  Check out this recent roof replacement in Winter Haven! New roof, fresh look, and ready to protect this home for years to come showcasing GAF - Roofing Timberline HDZ architectural shingles in charcoal. 🔨🏠  Another job done right by Skyview Roofing Experts!  📞: (863)409-7686 🌐: Skyviewroofingexperts.com",6,1,1,https://www.facebook.com/permalink.php?story_fbid=pfbid02tUKtho9TJgU7TEimHmVVwk8V6SyWymVgkRFJji9o4QgbSzUPmy59D7Y1jvb336Zdl&id=61575704142678
Central Florida Exterior Inc.,2026-09-08T13:19:58.000Z,"Storm season is here, and we want to make sure our friends, neighbors, and customers are ready. 🌧️🏠  Your roof is one of the most important things protecting your home, and we’re always happy to take a look and give you our honest opinion. Whether you’re thinking about a new metal roof or just want to make sure your home is ready for the next storm, CFE is here to help.  Give us a call today for a FREE ESTIMATE! 📞 813-478-9229  We truly appreciate every opportunity to serve our Central Florida community.   #centralflorida #metalroofing #blackroof #seffnerfl",3,0,10,https://www.facebook.com/cfexterior/posts/pfbid021Sqn5haqRQaMZErdteaSM6WDKJcAC7nVrKupATcNZzmk3LamMCvnx63MUae9zeLDl
Central Florida Exterior Inc.,2026-08-31T13:39:22.000Z,"Happy Monday! ☀️  New week, new opportunities, and another week of doing what we love! We’re proud to be Central Florida’s metal roofing specialists, and even more proud to have been serving families since 2000. 🏠  We’re a family-owned, faith-based company, and we don’t use subcontractors — just our own hardworking team that takes pride in every home we touch.  Here’s to a great week! 🙏 Let’s get to work! 💪  #lakeland #metalroofingexperts #centralfl #tampabaycontractor",5,0,1,https://www.facebook.com/cfexterior/posts/pfbid0FHRmnL2jSPCtcuuNZyt4X4ixueGv5U32zTh1Qs2h1YrnaRtwHDAraz9WtdCuZviWl
Central Florida Exterior Inc.,2026-08-27T15:00:27.000Z,"⭐ TESTIMONIAL THURSDAY! ⭐  We’re so grateful for customers like Lisa Taylor! After a major wind storm, she trusted CFE to get her roof taken care of—and we’re honored to have earned her 5-star review. 💙  Thank you, Lisa, for trusting Central Florida Exterior and treating us like family! Your kind words mean the world to us! 🙏  #TestimonialThursday #CentralFloridaExterior #MetalRoofing #CustomerAppreciation #centralflorida",4,0,3,https://www.facebook.com/cfexterior/posts/pfbid02RWDgBBqFCMGsGL3Te6kea2AtJDJLHzWwezy39LHsAe29f3SqJUzYJok2Sm6t3Do9l
RIG Roofing,2026-09-07T13:02:25.000Z,"This Labor Day, we recognize the dedication, and strong work ethic that helps build stronger communities.  At R.I.G. Roofing, hard work isn't just something we highlight once a year, it's the standard we bring to every project because we're committed to earning the trust of the homeowners we serve.  📲 (863) 294-4477 🌐 RIGRoofing.com  #RIGRoofing #LaborDay #HardWork #Workmanship #LocalRoofer #FloridaRoofers #RoofingContractor #RoofReplacement #RoofRepair",6,1,2,https://www.facebook.com/reel/4408991336028514/
RIG Roofing,2026-09-02T13:01:10.000Z,"September is not only National Preparedness Month, but it's also the peak of hurricane season, making it the perfect time to prepare your home.  Issues like loose shingles, worn flashing, or small leaks can quickly turn into major problems when strong winds and heavy rain start.  That's why staying proactive is so important this time of year.  At R.I.G. Roofing, we help homeowners prepare reliable roofing solutions, including:  🟢 Roof inspections to identify hidden issues 🟢 Repairs 🟢 Emergency Dry-Ins 🟢 Roof replacements  🟢 Preventative maintenance to help extend your roof's lifespan  Waiting until after a storm can often mean more damage and escalated costs.   If you're concerned about your roof, reach out to schedule a FREE ESTIMATE. 📲 (863) 294-4477 🌐 RIGRoofing.com  #RIGRoofing #NationalPreparednessMonth #HurricaneSeason #StormPrep #RoofInspection #RoofRepair #RoofReplacement #RoofingContractor",2,0,1,https://www.facebook.com/reel/1978734966119757/
RIG Roofing,2026-09-01T15:34:56.000Z,"Congratulations to Emory McTeer, our Sales Leader of the Month for August! 🏆  His success reflects more than sales, it represents his commitment to helping homeowners protect what matters most with a safe, reliable roof over their heads.  Thank you, Emory, for your hard work, dedication, and commitment to serving our customers. Keep up the great work! 👏💚    𝐂𝐨𝐧𝐜𝐞𝐫𝐧𝐞𝐝 𝐚𝐛𝐨𝐮𝐭 𝐲𝐨𝐮𝐫 𝐫𝐨𝐨𝐟? 𝐒𝐜𝐡𝐞𝐝𝐮𝐥𝐞 𝐚 𝐅𝐑𝐄𝐄 𝐀𝐬𝐬𝐞𝐬𝐬𝐦𝐞𝐧𝐭 𝐚𝐭 𝐑𝐈𝐆𝐫𝐨𝐨𝐟𝐢𝐧𝐠.𝐜𝐨𝐦 𝐨𝐫 𝐜𝐚𝐥𝐥 𝟖𝟔𝟑-𝟐𝟗𝟒-𝟒𝟒𝟕𝟕  #salesleader #roofingcontractor #employeespotlight #roofexpert",19,9,3,https://www.facebook.com/RIGroofing/posts/pfbid02THkV5KKbHsPShwpYmS4vQn9jeYTVVByduk85RRD6BxLpNnKFJHzshiA2csPHGYiRl
K.L. Smith Inc.,2026-09-02T15:11:06.000Z,Happy birthday Jose! 🥳,13,1,0,https://www.facebook.com/klsmith.roofing/posts/pfbid034rcvsWWXGGtnc9vAkFgCj3jemz4hBmgjwHBEB3ZBvxWZBUcFjhr8PXxSu5AUcuWhl
K.L. Smith Inc.,2026-08-18T14:36:08.000Z,Looks like we had a surprise visit from Quality Control. 🐦👀 We think he approved. 😂🔨,9,0,1,https://www.facebook.com/klsmith.roofing/posts/pfbid02j4vxyfzy2dwvGwUnQaMDVumNRDVbmp7fQvjHezAZAvT1RMrpHwr5myVMeTWNNJUHl
K.L. Smith Inc.,2026-08-15T22:03:22.000Z,"Roofing is serious business, but that doesn’t mean we have to take ourselves too seriously. Here’s a look at some goofy moments and good times that happened on camera this past year.  Shoutout out to  Studio61 & Peg Leg Ice Cream Truck featured in this video  *all roof jumps are ai- no roofers were injured in the making of this video😂*",30,1,3,https://www.facebook.com/reel/1532051178129278/
"Central Florida Roofing, LLC",2026-09-01T16:16:41.000Z,"Another roof complete! 🏠🔨  We love being able to work right here in our local community and help keep our neighbors’ homes protected.  From the first tear-off to the final shingle, our crew takes pride in doing the job right and leaving behind a roof built to handle Florida weather.  Thank you to our Winter Haven customers for trusting us with your home! ❤️  Another local home protected. Another job done right. ✔️  #WinterHaven #LocalRoofing #FloridaRoofing #RoofReplacement #SupportLocal",2,0,1,https://www.facebook.com/permalink.php?story_fbid=pfbid031hhC7Gy85wPu2X1udrRSmSgFJZE5fwzAbAHGCM4oPaS9VLQxKyj3C26zEG6dSPmYl&id=100057556355073
"Central Florida Roofing, LLC",2026-08-24T16:59:50.000Z,"🔥 MAKEOVER MONDAY 🔥  Out with the old, in with the premium protection!  We just wrapped up this stunning transformation using top-tier materials built to look incredible and weather any storm.  🏠 Shingles: Atlas Pinnacle Pristine in the gorgeous color Summer Storm—blending smoky grays and cool blue undertones. Armed with 3M™ Scotchgard™ Protector to prevent ugly black algae streaks!  🛡️ Foundation: Protected underneath by Atlas Weather Master Ice & Water Underlayment to seal against wind-driven rain and ice dams. With 130 mph wind resistance and waterproof protection, this home is ready for anything! 💪  📲 Send us a message for an estimate! 📞 Call today at 863-293-3696  #MakeoverMonday #AtlasShingles #SummerStorm #WeatherMaster #RoofTransformation",3,0,1,https://www.facebook.com/permalink.php?story_fbid=pfbid0s82LhhuD6eXVtzLK3XHDZeGxQq4Yr3tLG3pCE9dy5K2MeyR8dmWpb8TJtFv7jLCKl&id=100057556355073
"Central Florida Roofing, LLC",2026-08-20T15:46:22.000Z,"Another one down. 🔨  This roof came out clean. Simple as that.  A fresh roof, a clean finish, and another homeowner ready for the next Florida storm. 💪🌴  Big thanks to our crew for putting in the work!  #CentralFloridaRoofing #RoofReplacement #RoofingLife #FloridaRoofing",0,0,1,https://www.facebook.com/permalink.php?story_fbid=pfbid02njzxq5VGH9rVuHa1rjcgybSZZa3R9ge81dihPXuP8kQt9PLvzLo5GvcnTwDXZr7Dl&id=100057556355073
"Central Florida Roofing, LLC",2026-08-12T14:48:54.000Z,"Hurricane season is here 💦  If you’ve been putting off that roof repair, now is probably a good time to take another look.  Loose shingles, lifted edges, old repairs, or small leaks can turn into a much bigger problem when the wind and rain show up. 🌧️💨  We’ve already been seeing homeowners getting prepared, and we’re going to keep sharing what we find out on the roofs this season.  Take a few minutes this week and check your roof before the next storm does it for you. 🏠  Stay safe out there.  #HurricaneSeason #FloridaRoofing #CFRRoofing #FloridaHomes",1,0,0,https://www.facebook.com/permalink.php?story_fbid=pfbid0T4Y8fFY8EP6GzC4z9ixbNCnJpZvCK85Cs77BPh3vQcsRwTe7XfUhpJvU8NuYARH8l&id=100057556355073
"Central Florida Roofing, LLC",2026-07-28T16:38:35.000Z,"Just a reminder...  Your roof has one job-to protect everything underneath it.  If it's been a while since it's been inspected, let us take a look. No pressure, no gimmicks, just an honest opinion.  CFR is here when you need us. 🏠",2,0,1,https://www.facebook.com/permalink.php?story_fbid=pfbid02KZLKHANyQchmyNqu2PsCpTHV9TMsCpqNhgNascGBY7xwEEp55d6p7u7sjJCfq59Ul&id=100057556355073
"Central Florida Roofing, LLC",2026-07-08T18:22:35.000Z,Florida Forecast: ☀️ Sunny ⛈️ Thunderstorms 🌪️ Maybe? 🤷‍♀️ Who knows.  One thing you can count on is making sure your roof is ready for whatever Mother Nature throws at it.  Need peace of mind? Give us a call for a roof inspection.  #WednesdayWisdom #Roofing #FloridaRoofing #StormSeason #ProtectYourHome #RoofInspection,2,0,0,https://www.facebook.com/permalink.php?story_fbid=pfbid02zj1izrczRVGQUwHnqKZ24YsLmHmnEWq5PvTFTFHkA2ucC8QPS8VkHikNwFiomKzyl&id=100057556355073
Mighty Dog Roofing of Central Florida,2026-08-25T14:00:00.000Z,Every roof protects something important.  Family dinners. Birthday celebrations. Weekend movie nights. Everyday moments that make a house feel like home. 🐾  That's why we're proud to help homeowners protect what matters most.  👉 Reach out today to learn more about our roofing services.  #MightyDogRoofing #YourHomesBestFriend #Community,3,0,1,https://www.facebook.com/MightyDogRoofingCentralFlorida/posts/pfbid0344RYWYckixmSSGfAN1TDoct7ipbx4N1VUw3aA7sfGrrgkQZPsB7WqUufhms4JBSbl
Mighty Dog Roofing of Central Florida,2026-08-20T17:00:00.000Z,"Fall may still feel far away, but it's closer than you think. 🍂  Taking care of roofing concerns now can help you avoid unexpected issues when cooler temperatures and seasonal weather arrive.  A little preparation today can make a big difference later.  👉 Schedule your free roof inspection before fall gets here.  #MightyDogRoofing #FallPrep #RoofCare",4,0,0,https://www.facebook.com/MightyDogRoofingCentralFlorida/posts/pfbid02yQZo2zJkZfSz13kZ371W5ypVzNEg4uZEmfmEdUJdAkuzDzg91c5hFbbrTzPmgXgol
Mighty Dog Roofing of Central Florida,2026-08-18T14:59:59.000Z,Nothing motivates our team more than hearing from happy homeowners. ⭐  We're grateful for every customer who trusts us with their home and allows us to be part of their project.  Thank you for supporting local businesses and choosing Mighty Dog Roofing.  👉 Ready to start your own project? Give us a call today.  #MightyDogRoofing #CustomerExperience #Roofing,2,0,0,https://www.facebook.com/MightyDogRoofingCentralFlorida/posts/pfbid0nCz7ak3S3x6SmDLjDCApVr1JbgutkYyAQ2Mxtob3AbyaaeFA7XfwNbgY9cUTC7AZl
"1st Class Roofing, Inc.",2026-08-17T19:24:59.000Z,"ROOF SURPRISES DON’T BELONG IN YOUR HOME. 🏠🌧️  Florida’s afternoon storms have been putting roofs to work lately.  And while everything may look fine from the driveway, small roof problems can be quietly developing long before you notice a leak inside.  A lifted shingle. A worn pipe boot. A flashing issue. A small area of deterioration.  Left alone, a minor repair can eventually become damaged ceilings, wet insulation, mold concerns, or a much larger expense.  That’s why preventative roof maintenance matters for homeowners, too.  ✅ Catch small problems early ✅ Help extend the life of your roof ✅ Reduce the chance of unexpected leaks ✅ Know the condition of your roof before the next big storm ✅ Protect your home and your budget  You don’t have to wait until water is coming through the ceiling to call a roofer.  At 1st Class Roofing, we’ll inspect your roof, explain what we find, and help you understand what needs attention now and what can wait.  A little prevention today can save a whole lot of aggravation tomorrow.  📞 863-324-4043 1st Class Roofing, Inc. We’re on Top of What Matters Most.  #FloridaHomeowners #RoofMaintenance #RoofInspection #FloridaRoofing #HomeMaintenance RoofRepair HurricaneSeason PreventativeMaintenance",2,1,0,https://www.facebook.com/1stClassRoofingInc/posts/pfbid02wn6iugThXTU2iFChjeumHPEDJfsHVHoHKAGoX7uPLNXFy9mGFXCUVrJXFd7PNyhkl
"1st Class Roofing, Inc.",2026-08-17T19:24:29.000Z,"ROOF SURPRISES DON’T BELONG IN YOUR HOME. 🏠🌧️  Florida’s afternoon storms have been putting roofs to work lately.  And while everything may look fine from the driveway, small roof problems can be quietly developing long before you notice a leak inside.  A lifted shingle. A worn pipe boot. A flashing issue. A small area of deterioration.  Left alone, a minor repair can eventually become damaged ceilings, wet insulation, mold concerns, or a much larger expense.  That’s why preventative roof maintenance matters for homeowners, too.  ✅ Catch small problems early ✅ Help extend the life of your roof ✅ Reduce the chance of unexpected leaks ✅ Know the condition of your roof before the next big storm ✅ Protect your home and your budget  You don’t have to wait until water is coming through the ceiling to call a roofer.  At 1st Class Roofing, we’ll inspect your roof, explain what we find, and help you understand what needs attention now and what can wait.  A little prevention today can save a whole lot of aggravation tomorrow.  📞 863-324-4043 1st Class Roofing, Inc. We’re on Top of What Matters Most.  #FloridaHomeowners #RoofMaintenance #RoofInspection #FloridaRoofing #HomeMaintenance RoofRepair HurricaneSeason PreventativeMaintenance",1,0,0,https://www.facebook.com/1stClassRoofingInc/posts/pfbid0wUWykGr9VCYkGgTMtenD2w3NJHNRhDKH7p8zAZ9V9h6NU5tSBaJJkBtMsQGqnatMl
"1st Class Roofing, Inc.",2026-08-10T13:18:59.000Z,"🏠 “We’ll Keep an Eye on It” Can Get Expensive.  That little ceiling stain. The shingle you noticed in the yard. The drip that only happens when it rains really hard.  It can be tempting to think, “We’ll just keep an eye on it.”  But with Florida’s heat, humidity, afternoon thunderstorms, and hurricane season, small roof problems rarely get better on their own. 🌦️  Catching an issue early could mean a simple repair instead of dealing with water damage, wet insulation, mold concerns, or a much bigger roofing expense later.  Your roof protects everything you love underneath it. ❤️  If something doesn’t look right, or you simply haven’t had your roof checked in a while, give 1st Class Roofing a call. We can inspect it, explain what we find, and help you understand what needs attention now and what can wait.  📞 863-324-4043 🌐 1stClassRoofing.com  Don’t just keep an eye on it. Let us put a professional eye on it. 👀🏠  #1stClassRoofing #FloridaRoofing #RoofRepair #RoofInspection #HomeMaintenance FloridaHomeowners HurricaneSeason RoofMaintenance",2,0,4,https://www.facebook.com/1stClassRoofingInc/posts/pfbid024tNLTyV5YpUjQFHpVPbnwgNrrBbLQVpDXqU5ZmMk8dGToPTqy7km22eb5ivohzd2l
K.L. Smith Inc.,2026-08-12T18:49:28.000Z,,1,0,0,https://www.facebook.com/klsmith.roofing/posts/pfbid02Nnvf3KfU1mSmbsqdDgBREeQ6ASUwww2A4cUSTb74SCMSoUncGVUMnGvGmKacoGil
K.L. Smith Inc.,2026-08-12T18:49:19.000Z,,1,0,0,https://www.facebook.com/klsmith.roofing/posts/pfbid0QHEWpg9uBsEiW7T3tAXGPBYPASQfJcHf7TPfKBqpELEWhj84SWFLaE6hKb8EATqkl
K.L. Smith Inc.,2026-08-12T18:49:02.000Z,,0,0,0,https://www.facebook.com/klsmith.roofing/posts/pfbid02xktUXqHQSH5wmJpBqVerK2wKnjtLsAk7ZQcr8uf35ugRtkAqfFEoNhKaps2hYQ2Hl
JHI Roofing,2026-08-28T12:04:47.000Z,"Florida storms are unpredictable, but your home's recovery doesn't have to be. 🌪️🏠  Dealing with roof damage after a storm is stressful enough. That’s why JHI Roofing is here to take the weight off your shoulders. Not only do we provide top-tier, fast-response repairs, but we also guide you through the complex insurance process from start to finish.  Don't navigate storm damage alone. Let the experts handle it. 📋✅ Get your FREE inspection and insurance assistance today: 📲 Call or text (407) 928-4544 🌐 jhiroofing.com  #StormDamage #HurricaneSeason #FloridaStorms #RoofInspection #InsuranceClaim #OrlandoRoofing #FloridaLife",0,0,0,https://www.facebook.com/jhiroofing/posts/pfbid02if87XVU6eNH5cAYxb9bCtq86Hy1cwe5r4BTWJ6uxHCd8QoBwCLDgWyE7Jpki7Lhrl
JHI Roofing,2026-08-26T23:54:38.000Z,,0,0,0,https://www.facebook.com/jhiroofing/posts/pfbid025xHpWtRHwB4LYHH6GAq5NtsbLAST6BbnDvPY9dXWzsHMA3QLwPz7Kir69zrUPVRjl
JHI Roofing,2026-08-24T13:10:59.000Z,"From applying premium green underlayment for maximum weather protection to the flawless installation of brand-new shingles, we make the entire replacement process smooth and stress-free. (And yes, we just might pull up to your project in the JHI Roofing Cybertruck! 🚘😎)  Your home deserves the best defense against Florida’s harsh sun and heavy storms. Don't wait for a leak to find out you need a new roof.  ✅ High-quality materials ✅ Expert installation ✅ Fast, and no-pressure process  📲 Ready to secure your home? Call or text us today for a FREE roof inspection! 📞 (407) 928-4544 🌐 jhiroofing.com (Link in bio)  📍 Proudly serving Davenport, Orlando, and Central Florida.  #JHIRoofing #OrlandoRoofing #DavenportFL #FloridaRoofers #RoofReplacement #OrlandoContractor #CentralFloridaRealEstate #Cybertruck #RoofingCompany #ShingleRoof #RoofInspection #FloridaHomes",0,0,0,https://www.facebook.com/reel/1085887830542942/
Mighty Dog Roofing of Central Florida,2026-08-13T16:59:59.000Z,Thinking about selling your home this year?  Your roof is one of the first things buyers notice—and one of the first things inspectors evaluate.  A well-maintained roof can help create confidence and make a strong first impression.  👉 Schedule an inspection to learn more about your roof's condition.  #MightyDogRoofing #HomeValue #RealEstate,2,0,1,https://www.facebook.com/MightyDogRoofingCentralFlorida/posts/pfbid0opaWeRrHfbcbzfDzMfjYZLFBZ5XG2GaXcaXJXqK4VQ1Pwa4GPk9YUFFcABrj7VRYl
Mighty Dog Roofing of Central Florida,2026-08-11T12:59:59.000Z,Let's settle a homeowner debate. 👇  Which project gives the biggest curb appeal boost?  🏠 New roof 🎨 Fresh exterior paint 🌿 Landscaping 🚪 New front door  Tell us your answer in the comments!  #MightyDogRoofing #HomeownerLife #CurbAppeal,2,0,0,https://www.facebook.com/MightyDogRoofingCentralFlorida/posts/pfbid02mDycHjAv1bs9ehasLc7ifQ6JeDxMCVVPeHqa58USdVwDFhxmvbwbngxDQDstdRDLl
Mighty Dog Roofing of Central Florida,2026-08-06T17:00:00.000Z,"Summer isn't over yet. ☀️  If home improvements have been on your list all season, there's still time to tackle projects that can improve curb appeal, protection, and long-term value.  When it comes to your home, investing in the roof is investing in everything underneath it.  👉 Contact our team to schedule your free inspection.  #MightyDogRoofing #HomeImprovement #SummerProjects",3,0,0,https://www.facebook.com/MightyDogRoofingCentralFlorida/posts/pfbid02tMSqb2bepS49ujpbmZtZUAcFcxvpARTr5kRgQioh1HVn8DnG9cehP8E1mqEHw6Jel
K.L. Smith Inc.,2026-08-12T18:48:26.000Z,,0,0,0,https://www.facebook.com/klsmith.roofing/posts/pfbid0RkRBQkr7KHj6jdQffFsTDv9xNcQHfXyaoVeEusZr7PNNLBzF9xcQRtDNkJWPBD4Hl
K.L. Smith Inc.,2026-08-12T18:47:42.000Z,,2,0,0,https://www.facebook.com/klsmith.roofing/posts/pfbid0a3bc3iD7iNSFK5zhoJgBqfwDEMWo1et6ubwsSS1F9eS4L4Kcc2feWE4wvX7tnaPrl
K.L. Smith Inc.,2026-08-12T18:47:18.000Z,,1,0,0,https://www.facebook.com/klsmith.roofing/posts/pfbid02z3UkRVQaMNnuyUTw8iUnY9KicyxAmNKoW2S1pL5cjzn9Bsr5K2owKVgcTdVtoVMpl
Jack Hall Jr's Construction Aluminum,2026-09-08T14:23:12.000Z,"https://jackhalljr.com/screenrooms-in-winter-haven-florida/ #florida, #insulatedpatioroof, #jackhalljrsconstruction, #poolenclosures, #rescreening, #screenenclosures, #screenrooms, #screenroomsnearme, #winterhaven",0,0,0,https://www.facebook.com/JackHallJrsConstructionAluminum/posts/pfbid02ftUXRNFd1ib7AmhsNhhf9Y7sXdz9vuuhridoidTvzjGSTh6tKAS6TUveXHE85heul
Jack Hall Jr's Construction Aluminum,2026-09-08T14:22:07.000Z,"https://jackhalljr.com/screenrooms-in-winter-haven-florida/ #florida, #insulatedpatioroof, #jackhalljrsconstruction, #poolenclosures, #rescreening, #screenenclosures, #screenrooms, #screenroomsnearme, #winterhaven",0,0,0,https://www.facebook.com/JackHallJrsConstructionAluminum/posts/pfbid0fbDoqoYVbob1dAYqHpLCpupQyq5JSRMgzZby5kr82KbULr197c9o7hfJWwnapcFul
Jack Hall Jr's Construction Aluminum,2026-09-08T12:46:37.000Z,"https://jackhalljr.com/sunrooms-in-haines-city-fl/ #enclosures, #florida, #Hainescity, #insulatedpatioroof, #jackhalljrsconstruction, #patiowindows, #sunroomconversions, #sunrooms",0,0,0,https://www.facebook.com/JackHallJrsConstructionAluminum/posts/pfbid0wWp2DmLWppTUpVvSHcsBoXwSuQ5Sz4GibtcimJncRfdrYbqGfMzdDLkCBMFmJ2rQl
"Central Florida Roofing, LLC",2026-06-29T19:30:03.000Z,"🚩 Red flags aren't just for relationships... they're for your roof too. 😂🏠  If you've ever said, ""It's just a small leak,"" or ""We'll fix it later,"" this post is for you.  That little drip could be a warning sign of a much bigger (and more expensive) problem.  Don't wait until your ceiling starts leaking into your living room.  📩 Send us a message today and let's make sure your roof is protecting everything underneath it.  👇 Be honest... have you ever used a bucket to catch a roof leak? 😅  #CentralFloridaRoofing #RoofRepair #FloridaRoofing #RoofInspection #HomeMaintenance #StormSeason #SupportLocal #Homeowners #RoofingExperts",3,0,1,https://www.facebook.com/permalink.php?story_fbid=pfbid0Vv6i82SFxcD6NkfW1niy7FKaEpKSKbV7XEU58bDxM7FDAV1kxxhkXEPvogaXm8nyl&id=100057556355073
"Central Florida Roofing, LLC",2026-06-26T16:05:33.000Z,"🏡 A strong roof = a happy home. 💙  Whether it's a small repair or a full replacement, we're here to keep your home protected through every season.  ✨ Honest service. 🔨 Quality workmanship. 📍 Proudly serving Central Florida.  Message us today for your FREE roof inspection! #CentralFloridaRoofing #RoofingDoneRight #ProtectYourHome",3,0,1,https://www.facebook.com/permalink.php?story_fbid=pfbid027um3FTb8We9i39b6uLgm4xdgx9iqaepVK54CDn7Xex9Fn6YYsh8KPjCKdvcYLNesl&id=100057556355073
"Central Florida Roofing, LLC",2026-06-25T12:00:24.000Z,"🔥The Most Expensive Roof Repair Is The One You Ignore.🔥  That small water stain on your ceiling? That missing shingle after the last storm? Those dark streaks you keep meaning to check?  👉 Your roof is trying to tell you something.  The longer you wait, the more expensive the repair can become.  At Central Florida Roofing, we help homeowners catch problems early and protect what matters most.  ✅ Free Roof Inspections ✅ Honest Recommendations ✅ Repairs & Full Replacements ✅ Local & Family-Owned  Florida storms don't wait. Neither should you.  📞 863-293-3696  👇 Tell us below: How old is your roof? ⬜ Under 5 years ⬜ 5-10 years ⬜ 10-15 years ⬜ 15+ years  #CentralFloridaRoofing #ProtectWhatMattersMost #FloridaHomes #RoofingExperts #RoofInspection #HurricaneSeason #HomeMaintenance #LocalRoofers #FloridaLiving",2,0,1,https://www.facebook.com/permalink.php?story_fbid=pfbid032pnLpq9hZ6HCpXqqGRjYNm98sB4rHEy3M96GhpNWB3eiqS2ZZPBkFwZ9UXr3vEppl&id=100057556355073
Jack Hall Jr's Construction Aluminum,2026-09-08T12:45:43.000Z,"https://jackhalljr.com/sunrooms-in-haines-city-fl/ #enclosures, #florida, #Hainescity, #insulatedpatioroof, #jackhalljrsconstruction, #patiowindows, #sunroomconversions, #sunrooms",0,0,0,https://www.facebook.com/JackHallJrsConstructionAluminum/posts/pfbid0B3hrUKspc8NR5qrXGbZVsN13jhbPSBwLkjH7CHF3FJPMTyQNmBigjTvwZkDJvTGzl
Jack Hall Jr's Construction Aluminum,2026-09-08T12:20:55.000Z,"https://jackhalljr.com/sunroom-conversions-in-lakeland-fl/ #enclosures, #florida, #insulatedpatioroof, #jackhalljrsconstruction, #lakeland, #patiowindows, #sunroomconversions, #sunrooms",0,0,0,https://www.facebook.com/JackHallJrsConstructionAluminum/posts/pfbid02gQWRh6oeKD7LkDpuYMkshqrP9omejYM39a52AqkV9unW5CgPUoXmXuwYdBekp81nl
Jack Hall Jr's Construction Aluminum,2026-09-08T12:19:44.000Z,"https://jackhalljr.com/sunroom-conversions-in-lakeland-fl/ #enclosures, #florida, #insulatedpatioroof, #jackhalljrsconstruction, #lakeland, #patiowindows, #sunroomconversions, #sunrooms",0,0,0,https://www.facebook.com/JackHallJrsConstructionAluminum/posts/pfbid0kMrFch1RV4AYHPR4XaPurQdK3aSsyGngVMqKs7dwVNe9oNDUFaBKzsH96tNwnY6Xl
JHI Roofing,2026-08-21T22:01:49.000Z,"Tropical Storm Bertha and this month's heavy rains were a wake-up call for Central Florida. Don't wait for water to start dripping into your living room to find out your roof has weak spots. While others make empty promises, our crew is out here doing the real, hard work—cutting, replacing, and securing roofs so they can withstand Florida's unpredictable weather. We do it fast, we do it right, and we build to last. Protect your biggest investment before the peak of storm season hits. ✅ Free in-home estimate — no pressure. ✅ Fully Licensed & Insured. ✅ Storm damage We handle the insurance. 📍 Davenport, Orlando, Florida. 📞 Call us at (407) 928-4544 or click the link in our bio to book your FREE roof inspection today! #JHIRoofing #FloridaStorms #OrlandoRoofing #DavenportFL #CentralFlorida #RoofReplacement #RoofRepair #FloridaContractor #RoofInspection",1,0,0,https://www.facebook.com/reel/1526896492080610/
JHI Roofing,2026-08-20T22:03:25.000Z,"Storm season doesn't wait — and neither should your roof. 🌧️🏠 Missing shingles, leaks or storm damage in your Davenport home? We'll catch it before it becomes a costly repair. ✅ Free inspection & quote ✅ Licensed & insured ✅ Repairs & replacements 📞 Book your FREE inspection — call or text (407) 928-4544 #DavenportFL #FloridaRoofing #RoofRepair #RoofReplacement #StormDamage #RoofingContractor #CentralFlorida",0,0,0,https://www.facebook.com/jhiroofing/posts/pfbid05toBjdAffGSK12m2ajQyx3bMdKm3nvdY8VvSM327niNXwsYXkc3oQGnmcYoRpCXXl
JHI Roofing,2026-08-17T22:01:48.000Z,"Looking for a roofer you can actually trust? 🏠 We are proud to be Davenport and Orlando’s go-to local roofing experts.  Finding a reliable contractor shouldn't be a headache. At JHI Roofing, we are fully licensed, insured, and deeply dedicated to our Central Florida community. We believe in honest work, transparent pricing, and zero high-pressure sales tactics.  Let us protect your biggest investment. 📲 Call or text us today at (407) 928-4544 for a FREE, no-obligation estimate! 🌐 jhiroofing.com  #OrlandoRoofing #DavenportFL #CentralFloridaRealEstate #RoofingContractor #FloridaHomes #OrlandoContractor #JHIRoofing",0,0,0,https://www.facebook.com/jhiroofing/posts/pfbid02veaDE5cvW4cfUm6A5YvX9xAvwGGJPkLLnwmBdrgMMKZhwbjrdqmA9ozDqAfcWnWbl
"Central Florida Roofing, LLC",2026-06-24T15:08:38.000Z,"🏡 Roofing Trends Homeowners Are Choosing in 2026 🌞  The roofing industry is evolving, and homeowners are investing in products that do more than just protect their homes.  ✨ Energy-Efficient Roofing – Reflective shingles and cool roofing systems help reduce heat absorption and may lower energy costs.  🌎 Eco-Friendly Materials – Sustainable roofing products are becoming increasingly popular for homeowners looking to reduce their environmental impact.  ☀️ Solar-Ready Roofing Systems – More homeowners are preparing their roofs for solar installation to take advantage of renewable energy and long-term savings.  🛡️ Impact-Resistant Shingles – Especially important here in Florida, these products are designed to better withstand severe weather and hail.  At Central Florida Roofing, we stay up to date on the latest roofing technologies so our customers can make informed decisions about protecting their homes.  📞 Call us today at 863-293-3696 for a roof inspection   Central Florida Roofing – Protecting What Matters Most.",2,0,1,https://www.facebook.com/permalink.php?story_fbid=pfbid0295ubZABbesD7aA5BASVGPsJCUqVjHiBK1rZEWHnP8typaceKDSGpcRZLkoL6TFR5l&id=100057556355073
"Central Florida Roofing, LLC",2026-06-18T20:13:06.000Z,"⚠️ Before You Sign With an Out-of-Town Roofer... Read This.  Storm chasers come and go. Local roofers stay.  When you hire a local roofing company, you're hiring a team that's invested in the community, accountable for their work, and available when you need them.  Don't trust your home to a company that may disappear after the job is finished.  Choose local experience. Choose local accountability. Choose local roofing.  ❤️ Support the businesses that support your community.  #ChooseLocal #SupportLocalRoofers #CentralFloridaRoofing #FloridaHomes #RoofingExperts #CommunityMatters #RoofingContractor #LocalBusinessLove",2,0,3,https://www.facebook.com/permalink.php?story_fbid=pfbid02AxTjC97NmsfjDaojPTGP37Kp7Rx55Tg49Pwviqa1RfFBjuuA7aWhQ8JuizB9ajygl&id=100057556355073
"Central Florida Roofing, LLC",2026-06-17T15:47:38.000Z,Hurricane Season Is Here—Is Your Roof Ready?  This homeowner chose a complete roofing system featuring:  🏠 Atlas Pinnacle Black Shingles 🛡️ Atlas Summit 60 Synthetic Underlayment  A strong roofing system starts beneath the shingles. That's why we use quality materials designed to help protect Florida homes when severe weather strikes.  Call today for a free estimate.  📞 863-293-3696  #HurricaneSeason #CentralFloridaRoofing #RoofProtection #FloridaRoofing #AtlasShingles #RoofReplacement,1,0,1,https://www.facebook.com/permalink.php?story_fbid=pfbid0KKaHx5pdhgf5cZNZZtbmPvAX8Tcn51kUnjsVBjuvBJkLLadd7d1TPwv9bg8G9LuZl&id=100057556355073
Mighty Dog Roofing of Central Florida,2026-08-04T12:59:59.000Z,"The kids are heading back to school, and routines are starting to return. 📚  Now is a great time to take care of the home projects that got pushed aside during summer vacations and busy schedules.  A roof inspection can help identify potential concerns before fall weather arrives.  👉 Schedule your free inspection today and head into the next season with confidence.  #MightyDogRoofing #BackToSchool #RoofInspection",3,0,0,https://www.facebook.com/MightyDogRoofingCentralFlorida/posts/pfbid02JheG6wyWzoq8S9HdGpWk4PK1CpXrkdmrtjrHY8EDejwAaLBpD2vFujxYHVFuDPqal
Mighty Dog Roofing of Central Florida,2026-08-04T12:22:00.000Z,Proud to Serve Our Community 🐶💚👮🏽‍♂️  New Metal Roof Coming Right Up 🔝🧰 🏠,3,0,1,https://www.facebook.com/MightyDogRoofingCentralFlorida/posts/pfbid031Qshiq6jGw4SC7sKfHmKhy5eRpCvV7Tnu9mnzaFawf4ErWjp8qzsBED6PfjoVhmxl
Mighty Dog Roofing of Central Florida,2026-07-30T18:00:23.000Z,"Summer storms can leave behind damage that's easy to overlook. ⛈️  Even if your roof appears fine from the ground, wind and hail can sometimes create issues that aren't immediately visible.  A professional inspection can help uncover potential concerns before they become larger repairs.  👉 Contact us today to schedule your free inspection.  #MightyDogRoofing #StormDamage #RoofInspection",2,0,1,https://www.facebook.com/MightyDogRoofingCentralFlorida/posts/pfbid0DBSVBwzUT42B46fpxRR16F3Xq35vLS487E6KFy8WQHNHD8faLsvNJser5v3ud4Syl
Skyview Roofing Experts LLC,2026-08-13T16:36:40.000Z,"Project Underway 🚧🔥 | Winter Haven, FL  Another roofing project is officially underway! Our team is getting to work and making sure this home gets the quality roofing it deserves. Stay tuned for the finished result! 🏠🔨  Call us today for your FREE estimate 📞: (863)409-7686",20,0,2,https://www.facebook.com/reel/1571343418104186/
Skyview Roofing Experts LLC,2026-08-11T00:36:48.000Z,"⭐ Another 5-Star Roofing Repair Experience! ⭐  Another roofing repair completed for a happy homeowner! 🏠🔨 At Skyview Roofing Experts, we provide reliable roof repairs throughout Polk County, FL and surrounding areas.  Our goal is simple: respond quickly, respect your time, and complete every repair with quality workmanship you can count on.  Whether you’re dealing with a roof leak, damaged shingles, flashing issues, or other roofing problems, our team is ready to help.  📍 Serving Winter Haven, Lakeland, Bartow, Auburndale, Lake Alfred, Eagle Lake & surrounding areas.  📞 Contact Skyview Roofing Experts today for a professional roof repair! 📞 (863)282-5107",5,0,5,https://www.facebook.com/permalink.php?story_fbid=pfbid022nAP7BwGhsCSZV4gqfGmRL1feDZjw3P9MHyJnN9DriUzYw8iBW9xTZneNPPeUimql&id=61575704142678
Skyview Roofing Experts LLC,2026-07-30T15:19:32.000Z,"🌟Another Happy Customer🌟 One of our main goals is to respond quickly, respect your time, and get every repair completed the right way as soon as possible.",7,1,2,https://www.facebook.com/permalink.php?story_fbid=pfbid0EjsC9kus98mcWDE493WgPfm6SvTTXAwbgNsLQ9BGAAt39vhp5d4HL7RVqRWxmo6Pl&id=61575704142678
RIG Roofing,2026-09-01T13:07:13.000Z,"Aged shingles led to leaks at this Winter Haven home. We replaced them with durable materials, ensuring protection, peace of mind and enhanced curb appeal.  Don't spend another moment worrying about your roof, schedule your FREE Roofing Estimate today at RIGroofing.com or give us a call at 863-294-4477.",0,0,0,https://www.facebook.com/RIGroofing/posts/pfbid02owtqpnX2S7rhSvL8mAjRUAGy72KdEmqkk9rZgQuGLcDejHxMjsQJU1YebUaL91Xdl
RIG Roofing,2026-08-31T18:41:07.000Z,,5,2,3,https://www.facebook.com/RIGroofing/posts/pfbid0u3XX7Pr18A5f5BhXs6y8C9R5uGj77KkELFMg8NWK8HwoHjzPuDZJfHYUeXDViwxGl
RIG Roofing,2026-08-31T16:44:20.000Z,"Thinking about upgrading to a metal roof?  With R.I.G. Roofing, you can get factory-direct metal roofing without paying unnecessary middleman markups.   We now offer Factory Direct Metal Roof Pricing!!  As an authorized vendor and certified installer, we can help you from selecting the right metal roofing system through professional installation, backed by a 10-year workmanship warranty.  ❇️ Factory Direct Metal Roofing Pricing ❇️ No Middle Man ❇️ Authorized Vendor ❇️ Certified Metal Roofing Installers ❇️ Florida Licensed & Insured ❇️ Local, Family-Owned Roofing Company  Get the quality and longevity of a professionally installed metal roof while taking advantage of factory-direct pricing.  📲 Request your FREE estimate today at RIGRoofing.com or call us at 863-294-4477  #RIGRoofing #MetalRoofing #FactoryDirect #RoofReplacement #floridaroofingcontractor",3,0,13,https://www.facebook.com/RIGroofing/posts/pfbid02ViJak9fY73JvaUWJwP5ja93XZ6JrYKRsJz5euZdms6Fw8BgEYm5A12KfuJahdCTEl
K.L. Smith Inc.,2026-08-12T18:10:12.000Z,"How Long Does a Roof Last in Florida? What Every Homeowner in Polk County Should Know  A new roof is one of the biggest investments you’ll make in your home, so it’s only natural to wonder: “How long should my roof last?”  Check out our blog to learn more:  https://klsmithinc.com/how-long-does-a-roof-last-in-florida/",3,0,0,https://www.facebook.com/klsmith.roofing/posts/pfbid0iW4SDtiy2L116e9YD9kV3PkU9DM5KBV2t5HHc6noSLqv9gxQk3XAsXq52wKKinzMl
K.L. Smith Inc.,2026-08-05T19:11:14.000Z,How do you know if a roofing company is actually good?,10,0,0,https://www.facebook.com/reel/2062914611256002/
K.L. Smith Inc.,2026-08-05T19:06:13.000Z,Another 5 star review!,6,0,0,https://www.facebook.com/klsmith.roofing/posts/pfbid0sU7q8zmjvF4XwHa7eqPfUyCmwhBhrEHbr2fSixrF4zdQ1HYKeP3vzsUPYu1pnAknl
"1st Class Roofing, Inc.",2026-08-05T17:00:03.000Z,"There are plenty of roofing myths that get passed around, and while some sound harmless, they can end up costing homeowners a lot more than they expected. Waiting until you see water inside your home or assuming every roofing company offers the same level of service are just a couple of examples.  The more you understand about your roof, the easier it is to make informed decisions before small issues become major headaches. Which of these myths have you heard before, or is there one you've always wondered about? Let us know in the comments.  #1stClassRoofing #RoofingFacts #PolkCountyFL #FloridaRoofing #HomeMaintenance",14,2,6,https://www.facebook.com/1stClassRoofingInc/posts/pfbid02LKnL5eZFFhy75yjEMaDd3S9U9wE1dtPb5kF7JTD6muRDhiqKg3HKGTJ6SXt27bpul
"1st Class Roofing, Inc.",2026-08-04T12:28:19.000Z,"Choosing between a metal roof and a shingle roof isn't always as simple as picking the one you like best. Both are great options, but the right choice depends on your home's style, your budget, and how long you plan to stay in the home. While metal roofs are known for their durability and longevity, architectural shingles continue to be one of the most popular choices because they offer excellent protection and a wide variety of colors and styles.  If you were replacing your roof tomorrow, which one would you choose? Tell us why in the comments. We'd love to hear what matters most to you when it comes to protecting your home.  #1stClassRoofing #PolkCountyFL #FloridaRoofing #CentralFloridaHomes #RoofReplacement",3,0,3,https://www.facebook.com/1stClassRoofingInc/posts/pfbid02n9AMiRjA8V34qbUa6ADGHjfsFGXHxVAkUUW4BrrKc2o8ZRv8vrDURCK628bf27Zkl
"1st Class Roofing, Inc.",2026-08-03T15:47:24.000Z,"August in Florida: Hope Is Not a Roof Maintenance Plan.  We’re officially into August, and historically, this is when hurricane season begins to become more active.  The good news?  You still have time to prepare.  The bad news?  Every afternoon thunderstorm is continuing to test the roofs that weren’t ready in June.  For building owners, property managers, HOAs, and facility teams, August is the month to stop asking:  “Will this roof make it?”  …and start asking:  “What can we do today to improve our chances?”  This month’s roof priorities:  ✅ Address repairs you’ve been putting off ✅ Verify drains, gutters, and scuppers are flowing freely ✅ Inspect flashing, sealants, and roof penetrations ✅ Review recurring leak locations from July ✅ Update roof documentation and emergency contact information  The strongest emergency plan is the one you never have to use.  At 1st Class Roofing, we help clients stay ahead of problems with inspections, preventative maintenance, photo documentation, and prioritized recommendations.  Because protecting your roof isn’t just about surviving the next storm.  It’s about protecting the people, operations, and investments beneath it.  1st Class Roofing, Inc. 📞 863-324-4043  #PropertyManagement #FacilityManagement #CommercialRoofing #RoofMaintenance #FloridaRoofing HurricaneSeason PreventativeMaintenance BuildingOperations AssetManagement",5,1,2,https://www.facebook.com/1stClassRoofingInc/posts/pfbid05j5Sfazj36KhVvLfDy3kC4eRCpsZfVHjYGWiuooxPBZELWd4UgGeEWfqJtqHUWddl
Mighty Dog Roofing of Central Florida,2026-07-30T16:00:45.000Z,"Summer always seems to fly by. ☀️  If roofing, gutters, siding, or windows have been sitting on your project list, now is a great time to start planning ahead.  Taking action now can help prepare your home for the seasons to come.  👉 Contact our team today to schedule your free inspection.  #MightyDogRoofing #HomeImprovement #RoofingExperts",1,0,0,https://www.facebook.com/MightyDogRoofingCentralFlorida/posts/pfbid0e2aQgMUTDavQErVnogKtMv7GoDX2VF2bwQBs9MYF5Y4XHD4aZFKVEXECoy3nRMDyl
Mighty Dog Roofing of Central Florida,2026-07-28T12:03:20.000Z,"Roofing Myth: ""If I don't see a leak, my roof must be fine."" Not necessarily.  Many roofing issues develop long before water makes its way inside.   Regular inspections can help catch problems early and potentially save you money down the road.  👉 Schedule your free inspection today.  #MightyDogRoofing #RoofingTips #HomeMaintenance",2,0,0,https://www.facebook.com/MightyDogRoofingCentralFlorida/posts/pfbid0WZLh6NSWNbtjEYEtmvhmjbYbQQBwn2uacJb2CXk6PapP848rn8YoLdzFzG8X3aSKl
Mighty Dog Roofing of Central Florida,2026-07-28T00:55:59.000Z,Experience the Mighty Dog Difference.,0,0,1,https://www.facebook.com/MightyDogRoofingCentralFlorida/posts/pfbid02Wr3mCA1rysrpL9wQ5pVbQAajm3jFvsbexyEg54paD7yigBohJg5yWZtWsv8m9DBRl
Jack Hall Jr's Construction Aluminum,2026-09-04T13:14:13.000Z,"https://jackhalljr.com/sunrooms-in-sebring-fl/ #doors, #florida, #impactwindows, #insulatedpatioroof, #patiowindows, #sebring, #sunroomconversions, #sunrooms",0,0,0,https://www.facebook.com/JackHallJrsConstructionAluminum/posts/pfbid0895sRQZoCue7f2MZ72smAJjb695FhinxbVoSxm2trAsokUZ9axXvQBCpFMGp8f3jl
Jack Hall Jr's Construction Aluminum,2026-09-04T13:14:03.000Z,"https://jackhalljr.com/sunrooms-in-sebring-fl/ #doors, #florida, #impactwindows, #insulatedpatioroof, #patiowindows, #sebring, #sunroomconversions, #sunrooms",1,0,0,https://www.facebook.com/JackHallJrsConstructionAluminum/posts/pfbid024hzcXxRbCDpXfN81QhQKmyGXQTraBuoNyfDF6paNBr2ojozBMojahsHsKHgnNut1l
Jack Hall Jr's Construction Aluminum,2026-09-04T12:51:15.000Z,"https://jackhalljr.com/rescreening-in-lakeland-fl/ #enclosures, #florida, #jackhalljrsconstruction, #lakeland, #poolenclosures, #re-screen, #screenrooms, #solarscreen",0,0,0,https://www.facebook.com/JackHallJrsConstructionAluminum/posts/pfbid02zXmJZytCoGadQ6T34JVAZfLBuhosq6SMAQXTX2RACBvsFX3krEZMGgdR92pC5i7Al
K.L. Smith Inc.,2026-07-16T19:49:42.000Z,⭐️⭐️⭐️⭐️⭐️ Another great review!,6,0,2,https://www.facebook.com/klsmith.roofing/posts/pfbid02jjvFCnoQchWZk1JkRDveEaw1dTqhczFoWxJfd1MkKoN176w6snahgETb3M1qtv6Vl
K.L. Smith Inc.,2026-07-16T19:47:24.000Z,Celebrated a few more birthdays recently🥳🎂 These guys work so hard! We’re forever grateful for them❤️,16,0,3,https://www.facebook.com/klsmith.roofing/posts/pfbid0BCfFrwmLjUsEk6kbiDTaFwwjwgfwwvpckCPunMZgwSyHpLhn1Za9qMr81MNEwPJ5l
K.L. Smith Inc.,2026-07-16T18:49:10.000Z,Out with the old & in with the new!  Owens Corning Roofing Shingle - Duration Series Color Amber,6,0,1,https://www.facebook.com/klsmith.roofing/posts/pfbid0xErfAZGeQUmZh17nSnkJbFHbtvatYHWJ8iyUcsCKGGCwbEAXTtPcMwDtRsVKAYUQl
"1st Class Roofing, Inc.",2026-07-29T16:25:03.000Z,"Most people blame storms for roof damage, but Florida's sun works year-round. Constant UV exposure slowly dries out roofing materials, making shingles brittle and reducing their lifespan.  That's why regular inspections are just as important after long, hot summers as they are after hurricane season. Your roof works hard every day. A little preventative care can go a long way.   #FloridaRoofing #RoofMaintenance #1stclassroofing #PolkCounty #ProtectYourHome",4,1,0,https://www.facebook.com/1stClassRoofingInc/posts/pfbid02J3CdMcJrDFfm7ecTrRuhNZb6LQXzx4kj86k8Ww7Ldo2v4J6X2bMGX9QMdCiLNeGhl
"1st Class Roofing, Inc.",2026-07-28T16:45:38.000Z,"We’ve had an amazing time with the City of Auburndale, FL Government for Timeout Tuesday’s - we really love this event and our Community",6,0,0,https://www.facebook.com/1stClassRoofingInc/posts/pfbid02wLSBx46fMn2KqUArCitpsBb7Z2fEF4DMxMjDGmBC2Fhb1CDQbcAbjZ2F5gRiybrHl
"1st Class Roofing, Inc.",2026-07-28T16:38:58.000Z,,2,0,0,https://www.facebook.com/1stClassRoofingInc/posts/pfbid024EUQ4tEPFAHPwgKXr4DWnW1cUDuZMek2RABQZBnNKwwV66nqRk7qminxzyYqEsZQl
Jack Hall Jr's Construction Aluminum,2026-09-04T12:49:15.000Z,"https://jackhalljr.com/rescreening-in-lakeland-fl/ #enclosures, #florida, #jackhalljrsconstruction, #lakeland, #poolenclosures, #re-screen, #screenrooms, #solarscreen",0,0,0,https://www.facebook.com/JackHallJrsConstructionAluminum/posts/pfbid036XANhuLPnRvPWVpKyKsP9JcBs3Bj6KjGShrv37ZxrLFMHkE2Q9AWGaTZSF3FyLMXl
Jack Hall Jr's Construction Aluminum,2026-09-04T12:25:16.000Z,"https://jackhalljr.com/impact-windows-in-lakeland-fl/#florida, #hurricanepanels, #hurricaneprotection, #impactdoors, #impactwindows, #jackhalljrsconstruction, #lakeland, #patiowindows, #stormshutters",1,0,0,https://www.facebook.com/JackHallJrsConstructionAluminum/posts/pfbid0brSRYGkkx4VrgjDUfXiuTTfsJMjFu4LnhDaJhtCteeMuqQwTwWduvp1rP8eB37y2l
Jack Hall Jr's Construction Aluminum,2026-09-04T12:24:14.000Z,"https://jackhalljr.com/impact-windows-in-lakeland-fl/#florida, #hurricanepanels, #hurricaneprotection, #impactdoors, #impactwindows, #jackhalljrsconstruction, #lakeland, #patiowindows, #stormshutters",0,0,0,https://www.facebook.com/JackHallJrsConstructionAluminum/posts/pfbid07PwsDMSpVxWH3zunDmcRcbqPuX3XMbcNDVrGmid4ujPxuLbDe5hwcKAf91PxMUyhl
Central Florida Exterior Inc.,2026-08-24T14:27:19.000Z,"Another week, another beautiful metal roof completed by CFE! 🤩  A huge thank you to Mr. Sledge for trusting us once again to install another metal roof on your home in Treasure Island. We are truly grateful for the opportunity to serve you and your family!  This Polar White metal roof turned out beautiful!   And as always, a BIG thank you to our outstanding crews for the sweat, hard work, and pride you put into every job. We couldn’t do it without you!  Most of all, thank you to all of our customers for continuing to trust Central Florida Exterior to be your roofing contractor, and more importantly, your friend. We are truly blessed!   #tampabay #centralflorida #metalroofing",9,0,2,https://www.facebook.com/cfexterior/posts/pfbid035MnA5d2M93BforVuysFkCFgDPm8BeSNAW7o3mxmeGapyfNh8sLn1KFzs8MSEKbAKl
Central Florida Exterior Inc.,2026-08-20T12:52:40.000Z,Precision you can see. 👀🔥  Every screw line. Every cut. Every piece of trim.  Done right. Because the details matter.  #centralflorida #MetalRoofing #Craftsmanship #kathleenfl,5,0,4,https://www.facebook.com/cfexterior/posts/pfbid02rUtdeLkaBWUbgZXFMPnZwngXErj177vqmeU2yzviET4stWY6nJD4eB1jD8BnKrXal
Central Florida Exterior Inc.,2026-08-19T15:17:50.000Z,"Happy Wednesday! ☀️  CFE is proud to announce the completion of this beautiful silver metal roof in Lakeland, FL! A huge thank you to Mr. & Mrs. Williams for trusting us with your home and giving us the opportunity to serve you. It truly means more to us than just another roof—we’re grateful for every customer who puts their trust in our hands.  And as always, we want to give a special thank you to our incredible crew. These guys put in countless hours of hard work, sweat, and dedication under that brutal Florida sun to make this project happen. We truly couldn’t do what we do without them!  We feel incredibly blessed to do work we’re proud of, serve amazing customers, and have such hardworking men on our team. Thank you, for every opportunity! 🙏  #MetalRoofingSpecialists #LakelandFlorida #GalvalumeSteel #FloridaContractors",13,3,5,https://www.facebook.com/cfexterior/posts/pfbid029aQpU4AmxbnepfSGv7jzBRgjwM7cUw9si3DMMu6XUi9fhaNguvaLeaY3yLAyTTs1l
Skyview Roofing Experts LLC,2026-07-29T12:03:48.000Z,"Roof restoration completed in Bartow, FL! 🏡  We replaced this old roof that had multiple issues with a brand new GAF - Roofing Timberline HDZ Architectural shingle roof system.   If your roof is showing signs of age, leaks, or damage, don’t wait until it becomes a bigger problem.  📞 Contact us today for your FREE roof inspection! 📞 863-282-5107  #BartowFL #BartowRoofing #RoofReplacement #RoofRestoration #RoofRepair #PolkCountyRoofing #FloridaRoofing #RoofingContractor #SkyviewRoofingExperts  #winterhaven #roofingcompanynearwinterhaven",5,1,0,https://www.facebook.com/permalink.php?story_fbid=pfbid035YUubUzG7sxRw9pDCpCr6dQcboAZ5AHe9BNXVAcBTJivjTnZvPYq6qQjavZXy6Ljl&id=61575704142678
Skyview Roofing Experts LLC,2026-07-27T19:57:18.000Z,A successful day helping the kids get ready for the new school year! 🎒📚 Thank you to everyone who came out—we hope everyone has a great year ahead! 😊,30,0,2,https://www.facebook.com/permalink.php?story_fbid=pfbid02oWtKANgdqb4uagvNo97YnagmuW8uDRXigJ2RnwLcPrKq91xnVNYGvfXdYNK9vre9l&id=61575704142678
Skyview Roofing Experts LLC,2026-07-22T22:30:33.000Z,"📍 221 6th St SW, Winter Haven, FL 33880 ⏰ 4:00 PM – 6:00 PM 🗓️ Saturday, July 25  🎒FREE Backpack & School Supplies Giveaway! 📚  Stop by and pick up a FREE backpack filled with school supplies to help your child get ready for the new school year! ☺️  👨‍👩‍👧‍👦 Open to the community  We look forward to seeing you there!",60,5,30,https://www.facebook.com/reel/1083372507357676/
RIG Roofing,2026-08-30T16:00:35.000Z,"Florida's storm season can bring heavy ☔️ rainfall in a short amount of time.  If 🍂 leaves, 🪵 branches, and other debris are piled up on your roof or in your gutters, water cannot drain as it should.  When water backs up, it can find its way beneath roofing materials, increasing the risk of leaks and moisture-related damage.  Help your roof weather the storm by:  🟢 Removing leaves, branches, and other debris from your roof and gutters 🟢 Checking downspouts to ensure water is draining properly 🟢 Inspecting your roof after severe weather for debris buildup or visible damage 🟢 Addressing drainage issues and damage in a timely manner  A little preventative maintenance can go a long way in helping protect your roof throughout Florida's storm season.  To sign up on our roof maintenance plan for just $97/year visit: RIGroofing.com/products/roof-maintenance-program  To schedule an appointment with one of our roofing specialists call or visit: 📲 (863) 294-4477 🌐 RIGRoofing.com  #RIGRoofing #StormSeason #RoofMaintenance #GutterMaintenance #FloridaHomes #RoofingTips #HomeProtection #CentralFlorida #RoofingContractor",1,0,1,https://www.facebook.com/reel/1912141893096544/
RIG Roofing,2026-08-29T16:00:20.000Z,"🏠 Considering a Tile Roof? Know Your Options.  Tile roofing offers exceptional durability, energy efficiency, and curb appeal — with plenty of styles and materials to choose from.  But is tile the right choice for your home?  👉 Explore the benefits, drawbacks & options: https://rigroofing.com/blog/your-complete-guide-to-tile-roofing-options  👉 Free estimate at RIGroofing.com 📲 863-294-4477  #RIGRoofing #TileRoofing #FloridaRoofing #RoofReplacement #LakelandFL #FloridaHomes #RoofingTips",2,0,0,https://www.facebook.com/RIGroofing/posts/pfbid02RPmw9zfSatbnTm2TqLgH4rmsrxCCkBemQrZGDyQWMPDzo9PgXkuzuG5SMT4X5TYKl
RIG Roofing,2026-08-25T13:04:12.000Z,"An aging roof in Winter Haven was replaced with a durable metal solution, enhancing protection and curb appeal. If you're interested in purchasing your last roof, contact us today!  Inquire for a free estimate. 863-294-4477 | RigRoofing.com",5,0,2,https://www.facebook.com/RIGroofing/posts/pfbid0upP6yuLA9v4PtcDk25pgAhmJK9527oQAuxTjXcA8JWQTLACXx8LHcJdiaNJuAesl
JHI Roofing,2026-08-03T22:07:13.000Z,"AI is taking over everything... but can a robot survive a Florida summer on a roof?! We tested the future, but let's be real: when it comes to protecting your home from intense Florida storms and scorching heat, you don't need AI robots. You need real, local, and dedicated human experts who know Central Florida roofing inside and out! At JHI Roofing, we blend modern efficiency with unmatched craftsmanship: ⚡ Fast & reliable leak repairs and full replacements ⚡ Storm damage solutions (We handle the hassle!) ⚡ Fully Licensed & Insured for your total peace of mind 🔥 Be honest: Would you trust a robot to shingle your roof? Comment ""YES"" or ""NO"" below! And if you want real professionals to inspect your roof for FREE, call us at (407) 928-4544 or visit our link in bio today! No pressure, just great service. 😊 #RoofingHumor #OrlandoRoofing #AIvsHumans #DavenportFL #CentralFlorida #RoofReplacement #FloridaStorms #JHIRoofing #RoofRepair #ViralReels #FloridaContractor",1,0,0,https://www.facebook.com/reel/2086731815298395/
JHI Roofing,2026-07-31T19:31:32.000Z,"Real work. Real protection. No shortcuts. 🛠️Replacing or repairing your roof isn’t just about slapping on new shingles—it’s about ensuring the structure underneath is 100% solid and ready for Florida’s toughest weather. ⛈️🌴At JHI Roofing, we handle your property with precision, speed, and dedication. No pressure, just expert results you can trust. ✅ Fully Licensed & Insured (CCC1333317 | CGC1528515) ✅ Residential & Commercial ✅ Serving Davenport, Orlando & Central Florida  📲 Need your roof checked? Get a free, no-obligation inspection today! Call (407) 928-4544 or tap the link in bio to schedule!  #JHIRoofing #RoofReplacement #OrlandoRoofing #DavenportFL #CentralFlorida #RoofRepair #FloridaHomes #LicensedAndInsured #RoofingContractor",2,0,0,https://www.facebook.com/reel/2017693442953862/
JHI Roofing,2026-07-20T18:07:32.000Z,"Large commercial properties need a roofing company that understands scale, speed, safety, and precision.  JHI Roofing provides professional roofing services for shopping centers, commercial buildings, industrial properties, large developments, and high-volume construction projects across Florida.  If you are searching for a roofing contractor, roofing company near me, or the best roofing company near me for a large property, JHI Roofing is prepared to help with commercial roof repair, roof renovation, roof replacement, metal roofing, emergency roofing services, and professional roof inspections.  When the project is big, timing matters.  Call or text JHI Roofing today: 407-928-4544  #CommercialRoofing #RoofingCompanyNearMe #RoofingContractor #MetalRoofing #JHIRoofing",0,1,0,https://www.facebook.com/reel/1733104521150516/
K.L. Smith Inc.,2026-07-16T18:35:21.000Z,Before & After Transformation of a recent roof we completed.,9,0,1,https://www.facebook.com/klsmith.roofing/posts/pfbid0aWTpDZsg6TcjEoWoiLtLZnpxPqoQwbX2VPqfrvUchNvmjSsCmLDrc9aQMm6mxjstl
K.L. Smith Inc.,2026-07-03T22:40:28.000Z,🇺🇸❤️,5,0,0,https://www.facebook.com/klsmith.roofing/posts/pfbid028rN8enxShV9GoKSrjb9au2UaiAfmykyLGz4RGTnbKbMS9CtofrcTW4eB8XVDXDmnl
K.L. Smith Inc.,2026-06-23T16:28:45.000Z,"We get it, you want the best roof, with the best warranty, installed by the best people, for the best price...   The good news is with us you don't have to choose.   Reach out today for a free inspection.",19,1,9,https://www.facebook.com/reel/1003842845833276/
Skyview Roofing Experts LLC,2026-07-21T22:42:09.000Z,"🌨️ Tarps don’t fix roof leaks—they only hide the damage.  During this roof repair we completed today in Bartow, FL. We removed the tarp and found multiple sections of rotten wood caused by trapped moisture and ongoing leaks.  Don’t count on a tarp to protect your home through this upcoming heavy rain. Fix it now before it causes even more damage inside your home.   📞 Call Skyview Roofing Experts today for a free roof inspection.  📞: (863)282-5107 🌐: Skyviewroofingexperts.com",4,0,0,https://www.facebook.com/permalink.php?story_fbid=pfbid02cwnAfMxn8beZ6PQeCQyoXACGFGTSmo7kRGZ6gXLA2xqFd8U51rsPqnpb4gvZD7N7l&id=61575704142678
Skyview Roofing Experts LLC,2026-07-14T14:52:20.000Z,"🏡 Before ➡️ After of our latest roof replacement in Winter Haven, FL 👀  We gave this home a fresh new look with GAF - Roofing Timberline HDZ architectural shingles in Charcoal  Need a roof replacement or roof repair in anywhere in Polk County? Call us today  📞 (863)282-5107 🌐 www.skyviewroofingexperts.com",3,2,0,https://www.facebook.com/permalink.php?story_fbid=pfbid0WQiKHbTQseWeD4sw56hTDz8ZQTXTVobfLFLpStW34XRdRBF6gAFnfkyZ5FhnpGYrl&id=61575704142678
Skyview Roofing Experts LLC,2026-07-09T00:22:29.000Z,"📍 This week’s stop: Winter Haven, FL! 🏡☀️  Our crew is working hard doing another roof replacement in Winter Haven, Florida! Bringing this roof back to life despite the Florida heat  If you’re looking for a roofing contractor in Winter Haven, Eagle Lake, Auburndale, Lake Alfred, Bartow, Lakeland, or anywhere in Polk County, we’re here to help.  📞 Contact Skyview Roofing Experts today for a FREE roof inspection and estimate! 📞 (863) 282-5107",7,0,2,https://www.facebook.com/permalink.php?story_fbid=pfbid0e4YQ8mRJ5uPTTvC9NGhVVwubN8NsrvRBFZu4aFtcgp6z4zEiWNW1sQtrTYtCVVnbl&id=61575704142678
"1st Class Roofing, Inc.",2026-07-28T11:00:33.000Z,"We’re wrapping up another great month of Time Out Tuesdays, and we’re ending it with one of the most popular events of the summer.  Join us on Tuesday, July 28, from 11 AM to 1 PM at the Auburndale Fire Station for Fire Hose Day! It’s the perfect way for kids to cool off, have fun, and meet some of our local firefighters.  Thank you to everyone who’s joined us throughout the month. We love supporting events that bring families together and make Auburndale such a great place to call home. We hope to see you for one more Tuesday of summer fun! #TimeOutTuesdays #AuburndaleFL #CommunityFirst #FamilyFun #1stClassRoofing",5,0,1,https://www.facebook.com/1stClassRoofingInc/posts/pfbid0FMgoiETweXjyrLeDgLx24ELBQjHEhie8QdRi2jZfVWQBHfYymqWoA6k3uaCNv13vl
"1st Class Roofing, Inc.",2026-07-26T22:34:18.000Z,"Remember this? They’re from last year’s Fire Hose Day, and we’re excited to do it all over again this Tuesday.  Join us at the Auburndale Fire Department as firefighters turn the fire hose into the biggest sprinkler in town for one of our favorite Timeout Tuesday events. Bring the kids, towels, and get ready to cool off.  Tuesday, 11:00 AM to 1:00 PM Auburndale Fire Department 100 Ariana Ave., Auburndale  We’re proud to sponsor Timeout Tuesday and can’t wait to see everyone there!  #1stClassRoofing #TimeoutTuesday #AuburndaleFL #PolkCounty #CommunityFirst",6,0,2,https://www.facebook.com/reel/1590086792673175/
"1st Class Roofing, Inc.",2026-07-24T13:49:41.000Z,"🍔 NEXT TUESDAY IT BEGINS! ❤️  Looking for a great meal that gives back?  Starting Tuesday, July 27, join us at Main Street Diner and order the 1st Class Deluxe Cheeseburger, served with fries, coleslaw, and a shot of pickle juice! 🥒  Every burger purchased helps support the American Red Cross, whose volunteers are there for families facing home fires, hurricanes, and other emergencies throughout our community.  It’s a delicious way to make a difference!  📍 Main Street Diner 📅 July 27 through August 2  Bring your family, invite your friends, and help us turn burgers into hope. We can’t wait to see everyone there!  ❤️ Great Food. Great Cause. Stronger Together.  #1stClassRoofing #AmericanRedCross #MainStreetDiner #Fundraiser #SupportLocal #CommunityStrong #GiveBack #GreatFoodGreatCause",4,1,14,https://www.facebook.com/1stClassRoofingInc/posts/pfbid0CA2iNw4BFo8FFpN2YhoFLmgxaqf4wnJtaKJ9wgM9hCxCNGvg5RejVkqdr51RfVPBl
RIG Roofing,2026-08-24T13:01:08.000Z,"There are many reasons homeowners choose to invest in a new roof.   A roof replacement can provide numerous benefits. Here are just a few reasons to consider a new roof:  🟢 Your roof is nearing the end of its expected lifespan 🟢 You're remodeling and want to change the style and curb appeal of your home 🟢 An older roof may create insurance or financing challenges  🟢 You're looking for increased peace of mind during storm season 🟢 You have a leak or other roof damage.  At R.I.G. Roofing, we help you explore your roofing options with honest recommendations. Start with a FREE, No-obligation estimate.  📲 (863) 294-4477 🌐 RIGRoofing.com  We also offer financing options to help make your investment more manageable.  #NewRoof #RoofReplacement #RoofRepair #RoofingContractor #StormPrep #RoofEstimate #RoofWarranty",1,0,0,https://www.facebook.com/reel/1769561977642030/
RIG Roofing,2026-08-22T16:00:11.000Z,"🏠 What Is Roof Flashing and Why Does It Matter?  Flashing may be one of the least noticeable parts of your roof, but it plays a BIG role in keeping water out.  From chimneys and vents to valleys and roof edges, properly installed flashing helps protect your home from leaks and water damage.  👉 Learn more: https://rigroofing.com/blog/an-expert-guide-to-understanding-roof-flashing  👉 Free estimate at RIGroofing.com 📲 863-294-4477  #RIGRoofing #RoofFlashing #RoofingTips #RoofMaintenance #FloridaRoofing #LakelandFL #RoofRepair",2,0,1,https://www.facebook.com/RIGroofing/posts/pfbid02xivTeBhTj6EoTPvU9sft5qYvhnPstemxdzXYJQTxnuKRX2223D72UhMoWn2QvmBYl
RIG Roofing,2026-08-21T15:46:29.000Z,,2,0,1,https://www.facebook.com/RIGroofing/posts/pfbid02WPHtQW75XqqWkq9cMQ43EewMwtiuMnavg3uhsz447Rfq6KXd1xPRho3hejTYQi3Vl
Jack Hall Jr's Construction Aluminum,2026-09-03T14:17:53.000Z,"https://jackhalljr.com/insulated-siding-in-land-o-lakes-florida/ #florida, #gutter, #hardiesiding, #insulatedsiding, #jackhalljrsconstruction, #landOlakes, #soffitandfascia, #vinylsiding,",0,0,0,https://www.facebook.com/JackHallJrsConstructionAluminum/posts/pfbid02Ukw9fQ1oRRtDWRm2rfs7tornEJXVekJ2uktdwMQBbk69SPDHgUW3nKNrzUcUbMyUl
Jack Hall Jr's Construction Aluminum,2026-09-03T13:56:21.000Z,"https://jackhalljr.com/hurricane-protection-in-highlands-county-florida/ #accordianshutters, #bahamashutters, #colonialshutters, #highlandscounty, #hurricaneshutters, #impactdoors, #impactwindows, #jackhalljrsconstruction, #stormpanels,",0,0,0,https://www.facebook.com/JackHallJrsConstructionAluminum/posts/pfbid07J3qyeL6D4zhSwthw5cbVWvj8xCwZCTcpsxvLSqVjdZHPLY5g47gFrb6BDrEF6pkl
Jack Hall Jr's Construction Aluminum,2026-09-03T13:55:06.000Z,"https://jackhalljr.com/hurricane-protection-in-highlands-county-florida/ #accordianshutters, #bahamashutters, #colonialshutters, #highlandscounty, #hurricaneshutters, #impactdoors, #impactwindows, #jackhalljrsconstruction, #stormpanels,",0,0,0,https://www.facebook.com/reel/1049087641067652/
Central Florida Exterior Inc.,2026-08-15T17:04:40.000Z,We are so blessed to have been apart of this experience! Not only was this event huge for the men in our company but it made the Giddens Men stronger than ever. Thank you Free Life Chapel for the amazing experience and allowing us to be involved in this life changing event. Jesus moved and changed so many men’s lives in this room!!,22,4,0,https://www.facebook.com/cfexterior/posts/pfbid02mvGvYWfkakKx7CPhpY4m6smuRqi4h27kq3EMeaupeg6J2dSqz2cjfRX9RAFeu4Rpl
Central Florida Exterior Inc.,2026-08-13T13:07:25.000Z,"Reviews like this mean so much to us. Thank you, Timothy Stone, for trusting our CFE family with your home and for taking the time to share such kind words. ❤️  We’re truly grateful for every customer who gives us the opportunity to serve them. We don’t take that trust for granted!  Thank you for choosing Central Florida Exterior! 🙏  📞813-478-9229  #centralflorida #metalroofingspecialists #lakelandflorida #tampabay",6,0,4,https://www.facebook.com/cfexterior/posts/pfbid02Qw8PkYWS4WLW8ZeYBsR6M3XggmbVbxuJeTmZkVsNByyoWBq7ndJPHwbR2RQdwGy1l
Central Florida Exterior Inc.,2026-08-06T12:31:15.000Z,,3,0,1,https://www.facebook.com/cfexterior/posts/1050121777611847:1050121777611847
Skyview Roofing Experts LLC,2026-07-07T14:34:52.000Z,Worn-out shingles to a brand-new metal roof with a snap. 🔨🏠  📍Serving Polk County and surrounding areas ✔️Free inspections & estimates 📞 (863)282-5107 #MetalRoof #RoofReplacement #PolkCountyFL #SkyviewRoofingExperts,13,0,0,https://www.facebook.com/reel/2284080525755190/
Skyview Roofing Experts LLC,2026-07-03T14:00:01.000Z,"🌧️ Got roof leaks from missing shingles? We can help!  Don’t wait until the next heavy rain makes the damage worse. Even small roof leaks can lead to bigger problems if left untreated.  If you’re looking for roof repair in Eagle Lake, Winter Haven, Bartow, Lake Alfred, Auburndale, or anywhere in Polk County, FL, Skyview Roofing Experts is ready to help.  📞: (863)282-5107",5,0,2,https://www.facebook.com/permalink.php?story_fbid=pfbid0p4fd2aDDRicqevgeUx3nJfL7dHAn9hx6ineZXxCgESYXE4MXLkDZ4FFpmetbJaWWl&id=61575704142678
Skyview Roofing Experts LLC,2026-06-30T14:30:34.000Z,"🏠 New GAF Timberline HDZ Roof in Pewter Gray – Eagle Lake, FL 👀  Another beautiful roof completed and another family protected by the Skyview Roofing Experts team! 💙  Hurricane season is here—make sure your roof is ready.  📞 (863) 282-5107 🌐 SkyviewRoofingExperts.com  #SkyviewRoofingExperts #EagleLakeFL #PolkCountyFL #RoofReplacement #winterhaven",5,0,2,https://www.facebook.com/permalink.php?story_fbid=pfbid0MCnTKWvAEYr2Vk424cxjf3MtzgWUR2NNU78ANVPG75geLGYSMHMRfJMMxopPm51tl&id=61575704142678
RIG Roofing,2026-08-18T13:06:36.000Z,"Aging TPO roofing was replaced with a durable membrane, enhancing energy efficiency and ensuring leak-free protection.",2,0,0,https://www.facebook.com/RIGroofing/posts/pfbid0NSs1yH3QxTRkV9oNpaoBTfHgjyY2VVYJRNHFGFcu1ZpQ7qj7NGcW7EiMYNKVVTLUl
RIG Roofing,2026-08-18T13:00:39.000Z,"While hurricane season begins in June, late summer is often when Florida sees increased tropical activity and changing weather patterns.  Before the next storm system develops, take time to make sure your roof is prepared to handle heavy rain, strong winds, and the challenges that come with Florida weather.  Here are a few ways to help protect your roof during storm season:  🟢 Keep gutters and roof clear debris that prevents proper drainage 🟢 Check areas around vents, flashing, and roof penetrations for damage that can lead to leaks 🟢 Trim nearby tree branches that are closer than 4' to your home 🟢 Repair all damage before storms arrive 🟢 Schedule a professional roof evaluation if you have concerns about your roof’s condition  Storm season isn’t just about reacting after damage occurs, it’s about taking steps to protect your home before severe weather arrives.  At R.I.G. Roofing, we’re honored to help homeowners stay prepared with honest recommendations and dependable roofing solutions.  📲 (863) 294-4477 🌐 RIGRoofing.com  #HurricaneSeason #StormSeason #RoofInspection #RoofReplacement #RoofRepair #RoofingContractor #RoofMaintenance",0,0,0,https://www.facebook.com/reel/2108632299730587/
RIG Roofing,2026-08-15T16:00:31.000Z,"💧 Commercial Roof Leaking? Act Fast.  A small leak can quickly turn into damaged inventory, equipment, ceilings, and costly business interruptions.  Know the warning signs and what to do when water starts getting in.  👉 Read the full guide: https://rigroofing.com/blog/what-to-do-when-your-commercial-roof-is-leaking  👉 Free estimate at RIGroofing.com 📲 863-294-4477  #RIGRoofing #CommercialRoofing #RoofLeak #RoofRepair #FloridaBusiness #CommercialRoofRepair #FloridaRoofing",1,0,0,https://www.facebook.com/RIGroofing/posts/pfbid02sQQQetDEvM1dg167Cr4YsLoXax4ikna8jKDyDQXi5SbMF1poeGuGGZNj8cUiX4NZl
"1st Class Roofing, Inc.",2026-07-22T17:00:11.000Z,"Water has a funny way of traveling before it shows up on your ceiling. Finding the actual source of a leak takes experience, and repairing the visible damage without fixing the cause usually leads to more problems later. Save this post so you'll know what to look for the next time you spot a water stain.   #1stClassRoofing #RoofRepair #FloridaHomes #RoofExperts #HomeMaintenance",1,0,1,https://www.facebook.com/1stClassRoofingInc/posts/pfbid0ZUqMCunjCoAq6mVY2rP419rTeDApY4zZpAtYewghhgsCd4VJBYSWLMy2y5S8ijzWl
"1st Class Roofing, Inc.",2026-07-21T19:58:20.000Z,"We just loved this cute little piggy - wagging his tail, such a fun day with City of Auburndale, FL Government for Timeout Tuesdays - Animal Day. 🐽",11,0,4,https://www.facebook.com/reel/2444967189322925/
"1st Class Roofing, Inc.",2026-07-20T11:00:08.000Z,"If your kids love animals, you won’t want to miss this one!  Join us on Tuesday, July 21, from 11 AM to 1 PM at Downtown Park for Animal Day, the next event in this year’s Time Out Tuesdays series. It’s another free opportunity for families to get out of the house, have fun, and make some summer memories together.  We’re proud to support events that bring our community together, and we hope to see plenty of familiar faces there! Who’s coming?   #TimeOutTuesdays #AuburndaleFL #CommunityEvents #FamilyFun #1stClassRoofing",4,0,3,https://www.facebook.com/1stClassRoofingInc/posts/pfbid02AnCLeKofME6yXvz2gMzbMfuemXEwuRRyRi5sinYobcB5SSffmaoh6x5ZHSa5F7Skl
Jack Hall Jr's Construction Aluminum,2026-09-03T13:53:59.000Z,"https://jackhalljr.com/hurricane-protection-in-highlands-county-florida/ #accordianshutters, #bahamashutters, #colonialshutters, #highlandscounty, #hurricaneshutters, #impactdoors, #impactwindows, #jackhalljrsconstruction, #stormpanels,",0,0,0,https://www.facebook.com/JackHallJrsConstructionAluminum/posts/pfbid02b5LNQanmwaa6j5u9F3yJY9WQRMUXzELtJRzpTRMNVJqghAucXUEYBZQZKWegXLQ7l
Jack Hall Jr's Construction Aluminum,2026-09-03T13:34:35.000Z,"https://jackhalljr.com/sunroom-conversion-in-winter-haven-florida/ #concrete, #decks, #florida, #insulatedroofpanels, #jackhalljrsconstruction, #patiowindows, #sunroom, #sunroomconversion, #winterhaven,",1,0,0,https://www.facebook.com/reel/1823905501936150/
Jack Hall Jr's Construction Aluminum,2026-09-03T13:32:49.000Z,"https://jackhalljr.com/sunroom-conversion-in-winter-haven-florida/ #concrete, #decks, #florida, #insulatedroofpanels, #jackhalljrsconstruction, #patiowindows, #sunroom, #sunroomconversion, #winterhaven,",0,0,0,https://www.facebook.com/JackHallJrsConstructionAluminum/posts/pfbid02YoxKTYCoGeNCLS8NRLhKMZ2Uk4PidJ4mZDgYGjA5aDYs74EUqouGJZJ1xQuTez45l
JHI Roofing,2026-07-20T18:05:41.000Z,"Large commercial properties need a roofing company that understands scale, speed, safety, and precision.  JHI Roofing provides professional roofing services for shopping centers, commercial buildings, industrial properties, large developments, and high-volume construction projects across Florida.  If you are searching for a roofing contractor, roofing company near me, or the best roofing company near me for a large property, JHI Roofing is prepared to help with commercial roof repair, roof renovation, roof replacement, metal roofing, emergency roofing services, and professional roof inspections.  When the project is big, timing matters.  Call or text JHI Roofing today: 407-928-4544  #CommercialRoofing #RoofingCompanyNearMe #RoofingContractor #MetalRoofing #JHIRoofing",1,1,0,https://www.facebook.com/reel/1912028516421606/
JHI Roofing,2026-07-13T19:18:45.000Z,,0,0,0,https://www.facebook.com/jhiroofing/posts/1059592849937272:1012163408450357
JHI Roofing,2026-07-13T19:13:30.000Z,,0,0,0,https://www.facebook.com/jhiroofing/posts/1714320813225190:1714320813225190
Central Florida Exterior Inc.,2026-08-06T11:24:46.000Z,"There is truly no greater compliment than hearing from a happy homeowner.   Thank you so much, Mrs. Irene Gacceck, for trusting Central Florida Exterior with your home and for taking the time to share your experience. Your kind words mean the world to our family and our team.  To every customer who has trusted us since 2000, thank you. We are incredibly grateful for the opportunity to serve our community, and we never take your trust for granted.  Thank You, Jesus, for allowing us to do what we love every day. ✝️  📞 813-478-9229",5,0,7,https://www.facebook.com/cfexterior/posts/pfbid0g5chNVmtygP3xr8bLqB1sUi4SMBN5xoJzR8akYXeZFcpfVFjxDbRPnvAVdWLhCuDl
Central Florida Exterior Inc.,2026-08-04T13:56:35.000Z,"There are a lot of roofing companies out there, but from the very beginning, our prayer has been that Central Florida Exterior would be about so much more than roofs.  Since 2000, we have been blessed to serve homeowners throughout Central Florida, and we never want to take that privilege for granted. Every phone call, every project, and every family who trusts us with their home is a gift that we’re incredibly thankful for.  Our mission is simple:  “To honor God in all we do by serving our customers with integrity, excellence, and a heart for people.”  📖 Colossians 3:23–24  That verse isn’t just something we display—it’s the standard we strive to live by every day. We know we’re not perfect, but our goal is to treat every customer with honesty, respect, and care while doing our very best work, as if we’re working for the Lord.  To every customer who has trusted us since 2000, thank you from the bottom of our hearts. Your support has allowed our family, our employees, and this company to continue doing what we love. We don’t take that blessing lightly.  May God continue to guide our work and give us opportunities to serve our community with excellence for many years to come.  📞 813-478-9229 📱 @centralfloridaexterior  #centralflorida #metalroofing #TampaBayContractor",13,7,10,https://www.facebook.com/cfexterior/posts/pfbid02ETp1Qk4qEqPnDqBQoGo9Touz6bNkWpwW5q1nm2drdAUbnQa1ndiLCPa9C9nDa5zwl
Central Florida Exterior Inc.,2026-07-30T18:54:08.000Z,"We hope everyone is staying dry with all the rain we’ve been getting here in Central Florida! 🌧️  All of this rain is a great reminder of how important a properly functioning gutter system really is. Gutters don’t just improve your home’s appearance—they help protect your landscaping, foundation, and exterior by directing water away from your home.  We recently wrapped up these beautiful seamless gutters, and we couldn’t be happier with how they turned out!  If you’ve noticed water washing out your landscaping or pooling around your home, give Central Florida Exterior a call for your FREE estimate!  📞 813-478-9229",11,3,5,https://www.facebook.com/cfexterior/posts/pfbid0aPFkxC4Ypeio8SDctHqSzaXEp5Nn5auqQJyJTebkD8WGdhH5a38w74dQhehtyBhkl
Skyview Roofing Experts LLC,2026-06-29T19:50:50.000Z,"🏠 Roof replacement underway in Eagle Lake, Florida! 👀🔨  Our crew is working hard replacing this roof and making sure every detail is done right.  Need a roof replacement or repair? Give us a call! 📞 (863) 282-5107 🌐 Skyviewroofingexperts.com",10,0,2,https://www.facebook.com/permalink.php?story_fbid=pfbid0d8vKBFqxFwpbAnahhppMFzjG5Zc4VJqh6brX9UejuAQ5zJ3QG5smnPmmjXVkWPx4l&id=61575704142678
Skyview Roofing Experts LLC,2026-06-22T13:04:14.000Z,"🏠🔨 Happy Monday, everyone!  Starting the week strong with your local roofing experts. Our crew is up early and hard at work, making sure this home is ready for Florida’s weather while looking sharp and protected for years to come. 💪☀️  Need a roof repair or replacement? We’re here to help!  📞 (863) 282-5107 🌐 Skyviewroofingexperts.com  #SkyviewRoofingExperts #RoofingContractor #PolkCountyRoofing #Bartow #RoofReplacement #RoofRepair #winterhaven",7,1,2,https://www.facebook.com/permalink.php?story_fbid=pfbid04anbJZsXWo9NPNPSHQp9S7oJ5g7N8VHWycbbidwBebWNDMD9cCxr5L4eKF4LKuxil&id=61575704142678
Skyview Roofing Experts LLC,2026-06-18T17:53:33.000Z,"🏠 Big or small, we’ve got your roof covered. Roof replacements are just one of our specialties—we also handle roof repairs to keep your home protected.🛡️  Need a roof repair or considering a new roof? Give us a call for a free quote today! 📞  📞(863)282-5107 🌐 Skyviewroofingexperts.com",14,0,5,https://www.facebook.com/permalink.php?story_fbid=pfbid02qLGoZx19iPJbeaJdx3QJR8wwXWn2rdBujhrFaFk2ya7G2s6tpTEdx8Lg8FWgNNtDl&id=61575704142678
"1st Class Roofing, Inc.",2026-07-19T21:02:31.000Z,,6,0,1,https://www.facebook.com/reel/1022459893831139/
"1st Class Roofing, Inc.",2026-07-19T20:59:46.000Z,"🧦It’s Silly Sock Saturday(on Sunday)🧦  Today, we’re celebrating the power of something as simple as a pair of silly socks to bring a smile during a difficult time.  Every purchase, donation, and show of support helps provide care packages to children in the hospital, reminding them they’re surrounded by a community that cares.  At 1st Class Roofing, we believe strong communities are built by showing up for one another, especially when it matters most. We’re honored to support this incredible fundraiser and hope you’ll join us in spreading a little comfort, a little laughter, and a lot of love.  Because sometimes the smallest things, like colorful socks, can make the biggest difference in a child’s day. ❤️  #SillySockSaturday #CommunityStrong #GivingBack #SupportLocal #ChildhoodCancerAwareness #HospitalHeroes #1stClassRoofing #WeAreOnTopOfWhatMattersMost",14,2,6,https://www.facebook.com/1stClassRoofingInc/posts/pfbid0fJwzNNSySKPt6MThMVgQjRfg3oqCY7UXZGbohFYwi8PHo9BBQFrAh3deiF5FQprdl
"1st Class Roofing, Inc.",2026-07-17T14:31:33.000Z,"What happens when 1st Class Roofing and Main St Diner in Auburndale team up? You get one delicious way to support your community!  📅 July 27 – August 2  Come hungry and order the 1st Class Deluxe Double Cheeseburger—served with: 🍔 A juicy double cheeseburger 🍟 Crispy fries or Onion Rings 🥗 Creamy coleslaw 🥒 And... a shot of pickle juice!  The best part? A portion of every meal sold will be donated to the American Red Cross to help support families and communities when they need it most.  Bring your friends, bring your appetite, and help us turn every bite into something bigger.  📍 Main Street Diner – Auburndale 📅 July 27 – August 2  Let's show what our community can do when we come together. Eat local. Give back. Make a difference.  #1stClassRoofing #MainStreetDiner #Auburndale #AmericanRedCross #SupportLocal #CommunityStrong #Fundraiser #PolkCounty #EatForACause #BurgerChallenge",20,8,21,https://www.facebook.com/1stClassRoofingInc/posts/pfbid02157GuNPgg51Tt4XCMCTgHKggt5Yrn8KnYMu2mJEqtmvkDbGjeBsJE4byzYjHJ8yZl
Jack Hall Jr's Construction Aluminum,2026-09-03T12:43:20.000Z,"https://jackhalljr.com/replacement-windows-in-lake-wales-florida-3/ #florida, #impactdoors, #impactwindows, #jackhalljrsconstruction, #lakewales, #patiowindows, #replacedoors, #replacementwindows,",0,0,0,https://www.facebook.com/reel/1764884194705926/
Jack Hall Jr's Construction Aluminum,2026-09-03T12:41:38.000Z,"https://jackhalljr.com/replacement-windows-in-lake-wales-florida-3/ #florida, #impactdoors, #impactwindows, #jackhalljrsconstruction, #lakewales, #patiowindows, #replacedoors, #replacementwindows,",0,0,0,https://www.facebook.com/JackHallJrsConstructionAluminum/posts/pfbid021sCKt8XgHX8BN6VCXk1ZVtG2v1rW7FLpuao53iUFPg3ApYmNwrW89Hdoxd9AWyW2l
Jack Hall Jr's Construction Aluminum,2026-09-03T12:23:03.000Z,"https://jackhalljr.com/screen-enclosures-in-valrico-florida/ #florida, #insulatedpatioroof, #jackhalljrsconstruction, #poolenclosures, #rescreen, #screenenclosures, #screenrooms, #valrico,",0,0,0,https://www.facebook.com/reel/28397357803209614/
Mighty Dog Roofing of Central Florida,2026-07-23T18:01:22.000Z,"Tell us you're a homeowner without telling us you're a homeowner. 😅  We'll go first: ""I walked outside to check one thing and came back with five new projects on my list.""  Your turn.  👇 Drop your answer in the comments.  #MightyDogRoofing #HomeownerLife #SummerProjects",1,0,0,https://www.facebook.com/MightyDogRoofingCentralFlorida/posts/pfbid0A6Z69yjdnNMmL71dhcFdi4Ke4e419EmcgNjqnuFgjyJrDfyeAkn6fyLBLupPLEHLl
Mighty Dog Roofing of Central Florida,2026-07-21T13:02:09.000Z,"We're proud to serve homeowners right here in our local community. 🐾  Every neighborhood has its own story, and we're honored to help protect the homes that make it special.  Thank you for trusting Mighty Dog Roofing as Your Home's Best Friend.  👉 Reach out to learn more about our services.  #MightyDogRoofing #LocalBusiness #Community",3,0,1,https://www.facebook.com/MightyDogRoofingCentralFlorida/posts/pfbid0kyTDqzh3yMMhYPfgfGXcKv9rhnDEEaJPnYNK3qr2NFFn2TpMNCenx8dxcjYPaAzgl
Mighty Dog Roofing of Central Florida,2026-07-16T16:01:11.000Z,"Summer weather can be unpredictable. ⛈️  Strong winds, hail, and heavy rain can sometimes cause roof damage that isn't immediately visible from the ground.  A professional inspection can help identify potential concerns before they become bigger problems.  👉 Contact us today to schedule your free inspection.  #MightyDogRoofing #StormSeason #RoofInspection",2,0,1,https://www.facebook.com/MightyDogRoofingCentralFlorida/posts/pfbid02adEUUumYDogYsVaJ3FKWq63m1WzryNFem1CbR78AnNFK6XFg7xxU737UZ9cUmJdCl
Mighty Dog Roofing of Central Florida,2026-07-14T13:02:30.000Z,"We love hearing from homeowners about their experience with our team. ⭐  Every project is an opportunity to earn trust, deliver quality workmanship, and provide the service our customers deserve.  Thank you to everyone who continues to support Mighty Dog Roofing.  👉 Ready to start your own project? Reach out today.  #MightyDogRoofing #CustomerExperience #Roofing",3,0,0,https://www.facebook.com/MightyDogRoofingCentralFlorida/posts/pfbid0xNW2XWTmZ1CUUTLzZHzpgBFkXxQJNKmgLJbtXszSGww1pHXZYXeC6NubwcasHuZel
Mighty Dog Roofing of Central Florida,2026-07-09T17:02:03.000Z,"Thinking about putting your home on the market?  A well-maintained roof can make a strong first impression on potential buyers and help your home stand out from the competition.  Before you list, make sure your roof is helping showcase your home's value.  👉 Schedule an inspection with our team today.  #MightyDogRoofing #HomeValue #RealEstateTips",3,0,1,https://www.facebook.com/MightyDogRoofingCentralFlorida/posts/pfbid0kUBfFgRTAnEnVRQMGygWM13XcPdfBBvAHJCZ4RR9y26XKcTGUuvMthAEopPS4LoEl
Mighty Dog Roofing of Central Florida,2026-07-07T14:01:42.000Z,"Quick homeowner poll! 👇  If you could tackle ONE home project this summer, what would it be?  🏠 New roof 🏠 New siding 🏠 New windows 🏠 Outdoor living upgrades  Tell us your pick in the comments!  #MightyDogRoofing #HomeProjects #SummerHome",2,0,0,https://www.facebook.com/MightyDogRoofingCentralFlorida/posts/pfbid0mndbDYjh2ctwsPUjdDruJNB2rmKrdUAD9boBdXedH184WgxoKXYDKMJUtHuThBQ2l
RIG Roofing,2026-08-14T16:00:40.000Z,"It’s normal to think of a roof's lifespan in simple terms “how old is it?” The reality is that age is only one part of the equation.  In Florida, environmental factors and maintenance play a major role in how long a roof will last.   🟢 Constant sun exposure vs shade 🟢 Heavy rain and storm frequency 🟢 Surrounding trees and debris load 🟢 Ventilation and attic conditions 🟢 Installation quality and maintenance history  Two roofs installed in the same year can age very differently depending on these conditions.  Start protecting the lifespan of your roof with our roof maintenance plan today. RIGroofing.com/products/roof-maintenance-program  Have questions about your roof or need to schedule a FREE Roof Repair Estimate?  📲 (863) 294-4477 🌐 RIGroofing.com/services/free-roof-estimate  #RIGRoofing #FloridaRoofing #RoofLifespan #RoofMaintenance #HomeProtection #RoofInspection #CentralFlorida #RoofingContractor",0,0,0,https://www.facebook.com/reel/887265507483132/
RIG Roofing,2026-08-14T14:18:14.000Z,,3,0,2,https://www.facebook.com/RIGroofing/posts/pfbid0S1bcBh7gXAgeRMiEpTqWZosfwH9vvfErMwJMwgjhzHmN9LM3CSi63Bq4Bh6ABs2Rl
RIG Roofing,2026-08-11T13:05:12.000Z,"Aging shingles gave way to a new architectural roof in Davenport, enhancing durability and curb appeal.",1,0,0,https://www.facebook.com/RIGroofing/posts/pfbid0wq3oiNjn2KmiU1fKrnsjgWbKZM8h16TzVgvKGwF2TVy44jSr18W22mx9NMrizjgjl
JHI Roofing,2026-07-13T15:09:59.000Z,"Your roof protects more than your house. It protects your family, your comfort, and everything inside your home.  JHI Roofing is a trusted residential roofing company in Florida, helping homeowners with fast roof repair, professional roof replacement, metal roofing, emergency roofing services, and quality roofing services.  If you are searching for roofing near me, roofing company near me, best roofing company near me, or a reliable roofing contractor, JHI Roofing is ready to help protect your home and family.  When your family needs protection, speed and quality matter.  Call or text JHI Roofing today: 407-928-4544  #ResidentialRoofing #BestRoofingCompanyNearMe #RoofingNearMe #EmergencyRoofingServices #JHIRoofing",0,1,1,https://www.facebook.com/reel/952189897836798/
JHI Roofing,2026-07-13T15:07:16.000Z,"Your roof protects more than your house. It protects your family, your comfort, and everything inside your home.  JHI Roofing is a trusted residential roofing company in Florida, helping homeowners with fast roof repair, professional roof replacement, metal roofing, emergency roofing services, and quality roofing services.  If you are searching for roofing near me, roofing company near me, best roofing company near me, or a reliable roofing contractor, JHI Roofing is ready to help protect your home and family.  When your family needs protection, speed and quality matter.  Call or text JHI Roofing today: 407-928-4544  #ResidentialRoofing #BestRoofingCompanyNearMe #RoofingNearMe #EmergencyRoofingServices #JHIRoofing",1,1,0,https://www.facebook.com/reel/1411668984111724/
JHI Roofing,2026-07-08T16:34:15.000Z,"Florida storms can turn a small roof issue into a major problem.  JHI Roofing provides professional roofing services for homeowners and property owners who need roof inspections before storm season, storm damage roof repair after severe weather, emergency roofing services, metal roofing solutions, and roof reconstruction when immediate action is needed.  If you are searching for roofing near me, roofing company near me, best roofing company near me, or a roofing contractor in Florida after a storm, JHI Roofing is ready to help.  Protect your roof before the next storm. Repair it fast after damage happens.  Call or text JHI Roofing today: 407-928-4544  #EmergencyRoofingServices #RoofingCompanyNearMe #RoofingContractor #MetalRoofing #JHIRoofing",1,1,0,https://www.facebook.com/reel/1008188915455227/
Jack Hall Jr's Construction Aluminum,2026-09-03T12:21:45.000Z,"https://jackhalljr.com/screen-enclosures-in-valrico-florida/ #florida, #insulatedpatioroof, #jackhalljrsconstruction, #poolenclosures, #rescreen, #screenenclosures, #screenrooms, #valrico,",0,0,0,https://www.facebook.com/JackHallJrsConstructionAluminum/posts/pfbid0kSYfwsjw5pYapqjRxjn9bf74afx1wCCq1wU4p45eGfFQn5Y6Lz7aw7DyJmHbnFwsl
Jack Hall Jr's Construction Aluminum,2026-09-02T19:51:46.000Z,"https://jackhalljr.com/hurricane-shutters-in-tampa-florida/ #accordianshutters, #bahamashutters, #colonialshutters, #florida, #hurricaneshutters, #jackhalljrsconstruction, #rolldownshutters, #stormpanels, #tampa,",0,0,0,https://www.facebook.com/reel/1545432263453390/
Jack Hall Jr's Construction Aluminum,2026-09-02T19:48:21.000Z,"https://jackhalljr.com/hurricane-shutters-in-tampa-florida/ #accordianshutters, #bahamashutters, #colonialshutters, #florida, #hurricaneshutters, #jackhalljrsconstruction, #rolldownshutters, #stormpanels, #tampa,",0,0,0,https://www.facebook.com/JackHallJrsConstructionAluminum/posts/pfbid0ozqvdUo6w7khZTFWd15TazJ9eRhjwc1J6NtoHpo82zT8qTcn5mwZXJWTWFoBX3dCl
"1st Class Roofing, Inc.",2026-07-16T23:40:22.000Z,"Every Florida downpour is a test for your gutter system. When gutters are clogged, damaged, or pulling away from your home, all that water has to go somewhere. Unfortunately, that “somewhere” is often your foundation, landscaping, soffits, fascia, or even inside your home.  If your gutters are overflowing every time it rains, it’s probably time to have them checked before a small issue turns into an expensive repair.  Need your gutters inspected or replaced? Give 1st Class Roofing a call. We’re on top of what matters most.  #1stClassRoofing #FloridaRoofing #Gutters #PolkCountyFL #HomeMaintenance",9,0,3,https://www.facebook.com/reel/1653524769055952/
"1st Class Roofing, Inc.",2026-07-15T17:50:36.000Z,Had a blast with at the Time Out Tuesday!!!,5,0,3,https://www.facebook.com/1stClassRoofingInc/posts/pfbid033477XZECpJfbHjhhc6oKLB8XrF6fkQkzhd1WUuGeMcZq2awSuMbST1YhGhmQSGzXl
"1st Class Roofing, Inc.",2026-07-15T17:49:35.000Z,,3,0,0,https://www.facebook.com/1stClassRoofingInc/posts/pfbid0GHkECZ4PBqMXizo8xZ2oMTysX6guy1fNR2KnMMYf5MzZFgjbQxT7vvRnZFz9nvdUl
Mighty Dog Roofing of Central Florida,2026-07-04T13:02:53.000Z,"Happy Fourth of July from Mighty Dog Roofing!  Today, we're celebrating freedom, community, and the homes where memories are made.  We hope your day is filled with family, friends, great food, and a spectacular fireworks show.  Have a safe and happy Independence Day!  #FourthOfJuly #MightyDogRoofing #YourHomesBestFriend",4,0,1,https://www.facebook.com/MightyDogRoofingCentralFlorida/posts/pfbid028uXpkfqucup3wMdgYuwrQAwQFxJbFP7QnJQ98sGgWe7WR7MZxJsQcJu8p1wgHzbwl
Mighty Dog Roofing of Central Florida,2026-06-29T15:00:47.000Z,"A little maintenance now can save a lot of stress later.  If it’s been a while since your last roof inspection, this is your sign to schedule one. 👀  Book today.  #MightyDogRoofing #RoofInspection #HomeCare",3,0,1,https://www.facebook.com/MightyDogRoofingCentralFlorida/posts/pfbid025EaAHU7PJNSDsnNN9zYA4VbMrq95iTzpYwSMafGCLEJrJSniBbevTBtCz8NdHKtRl
Mighty Dog Roofing of Central Florida,2026-06-26T12:03:20.000Z,"Summer storms can roll in fast ⛈️🐾  When they do, Mighty Dog Roofing is here to help with honest inspections, clear answers, and a team you can count on when it matters most.  Reach out today and stay ready for whatever the season brings.  #MightyDogRoofing #StormPrep #RoofCare",4,0,1,https://www.facebook.com/MightyDogRoofingCentralFlorida/posts/pfbid02pzHd5dFHyxKkwRoCsfLBsDWgoGW8Staw5temQoyZy14SibrkCZiJm5Bww84XW6Rml
RIG Roofing,2026-08-10T13:01:10.000Z,"When it comes to protecting your home, choosing the right roofing contractor matters. You deserve a team that values honesty, stands behind its work, and delivers quality you can count on.  At R.I.G. Roofing, we're honored to serve Central Florida residents with top-notch roofing solutions. Since 2005, we've faithfully helped homeowners with dependable roof repairs, replacements, and honest guidance every step of the way.  From your first call to the final inspection, our goal is simple: deliver a roofing experience built on integrity.  📲 (863) 294-4477 🌐 RIGRoofing.com  #RIGRoofing #LocalRoofing #RoofingContractor #FloridaRoofing #PolkCounty #CentralFlorida #QualityWorkmanship #Integrity #RoofRepair #RoofReplacement",2,0,0,https://www.facebook.com/reel/982185798212463/
RIG Roofing,2026-08-09T00:00:10.000Z,"💧 A Leaking Roof Can Ruin More Than Just Your Day!  That small water spot on the ceiling could be warning you about a much bigger problem. Roof leaks can lead to mold, damaged drywall, electrical hazards, and costly structural repairs.  The sooner you catch it, the better.  👉 Learn the dangers of ignoring a roof leak: https://rigroofing.com/blog/a-leaking-roof-can-ruin-more-than-just-your-day  👉 Free estimate at RIGroofing.com 📲 863-294-4477  #RIGRoofing #RoofLeak #RoofRepair #FloridaRoofing #LakelandFL #HomeProtection #RoofDamage",1,0,1,https://www.facebook.com/RIGroofing/posts/pfbid02RU2zX8jkdW2TW4aj6p6Cfp4SoCvWvkixRcZG2ZVc1585xARUDKf7mU6k74XiQ8oMl
RIG Roofing,2026-08-07T19:38:02.000Z,,3,0,1,https://www.facebook.com/RIGroofing/posts/pfbid0rB6F9mGa8HxTpsb4ea7hyRpJn9wh3oWywMiin44uuR63WH59nFjoD3BFBLuCf8Npl
"1st Class Roofing, Inc.",2026-07-15T17:49:10.000Z,"🎨❤️ What an incredible afternoon at Time Out Tuesday!  A huge THANK YOU to all the amazing kids who stopped by our table and helped create this colorful masterpiece! Every colorful stroke, bright color, and creative doodle made this project something truly special.  At 1st Class Roofing, we’re proud to support events that bring our community together. Seeing so many smiling faces, big imaginations, and acts of kindness reminds us that building a strong community starts with investing in the next generation.  Thank you to the City of Auburndale, FL Government for hosting another fantastic Time Out Tuesday, and thank you to every family who came out to make it such a fun day.  We can’t wait to see everyone again next Tuesday! ☀️🏡🎉  #1stClassRoofing #TimeOutTuesday #CityOfAuburndale #CommunityFirst #BuildingStrongerCommunities #BeKind #AuburndaleFL #WeAreOnTopOfWhatMattersMost",5,0,2,https://www.facebook.com/1stClassRoofingInc/posts/pfbid0WMyur4JqyvSruLcc7TqaNgQZjV2McJmPpMD6rnk6ECoAQyr93QMt46NeSwvy8Ug1l
"1st Class Roofing, Inc.",2026-07-15T16:15:05.000Z,"False  Even a brand-new roof should be inspected regularly. Florida's heat, heavy rain, and strong winds can affect a roof long before you expect it. Routine inspections help catch loose shingles, damaged flashing, and other small issues before they turn into expensive repairs.  Did this one surprise you? Tell us another roofing myth you've heard.   #RoofMyths #FloridaRoofing #RoofFacts #1stclassroofing #PolkCounty",5,0,1,https://www.facebook.com/1stClassRoofingInc/posts/pfbid05kVneDoo6zD69iGgd2Wh3t1AgdHBqu1bekFqx7dKoVRaMMfQTKhMqJFrikep8h6Ul
"1st Class Roofing, Inc.",2026-07-14T11:12:05.000Z,"Who’s ready to cool off?  The next Time Out Tuesday is almost here, and this week’s theme is Water Balloon Day! Join us on Tuesday, July 14, from 11 AM to 1 PM at Downtown Park for a fun-filled afternoon that’s perfect for beating the Florida heat.  We’re proud to sponsor another summer of Time Out Tuesdays and love seeing local families come together to enjoy these free community events. Grab a towel, bring the kids, and we’ll see you there!   #TimeOutTuesdays #AuburndaleFL #FamilyFun #CommunityMatters #1stClassRoofing",8,0,3,https://www.facebook.com/1stClassRoofingInc/posts/pfbid0SAZ31YeJVH2jLGNvRFsn13nFKDYijFXA9AXmAMQvRPNnyEX8K8pRHJPhmo1MwL9Tl
Central Florida Exterior Inc.,2026-07-28T12:11:31.000Z,"Whether it’s a big job or a small one, CFE is always here for all your roofing and gutter needs! 26 years strong, built on honesty, integrity, and durability. 💪🏠  📞813-478-9229  #FamilyOwnedBusiness #metalroofingspecialists",9,2,4,https://www.facebook.com/cfexterior/posts/pfbid038EKnrgzeuPFFVSbT2QBhhHh7kgbyJd94XAVedBJnhgxny7USPxWdrSTEEQd4kp78l
Central Florida Exterior Inc.,2026-07-27T15:37:08.000Z,"Happy Monday! We hope everyone is staying dry on this rainy day! 🌧️  With all the rain we received this weekend and again this morning, if you’ve noticed a roof leak or are in need of a trusted roofing contractor, give us a call! We’d be happy to provide you with a free estimate.  📞 813-478-9229",4,0,5,https://www.facebook.com/cfexterior/posts/pfbid02UMTJMpkFpVPfuoqNLHi1byeT3KnoZvujZ9y5SedboTKJoBmbD1fPfi2GyaYB8dYyl
Central Florida Exterior Inc.,2026-07-24T16:09:04.000Z,Happy Friday!! This beautiful @davinciroof is looking amazing! The final product is coming soon👀  Call us for your free estimate today!! 813-478-9229 #centralflorida #roofingdoneright,12,0,2,https://www.facebook.com/reel/2216194265832757/
Mighty Dog Roofing of Central Florida,2026-06-24T17:00:32.000Z,"A quality roof adds more than protection — it adds confidence. 🏠  Whether you’re renovating, selling, or simply planning ahead, now’s a great time to invest in your home.  Reach out today to get started.  #MightyDogRoofing #HomeImprovement #Roofing",3,0,2,https://www.facebook.com/MightyDogRoofingCentralFlorida/posts/pfbid0YktzmrLAsVgUEXLe5T2GpSZfZKxdGc3ebPx5dBtMz9VxvVPAuCo6Z7RnxnwaKt5Jl
Mighty Dog Roofing of Central Florida,2026-06-22T13:58:42.000Z,Education is the First Step of Hurricane Preparedness. 👨🏻‍🏫,3,0,0,https://www.facebook.com/reel/1785928672390109/
Mighty Dog Roofing of Central Florida,2026-06-22T13:50:24.000Z,Before the Storm: Hurricane Preparedness 🌀 Networking & Education Event 🤝 Pleased to Sponsor and Participate 💯 Our Owner Elliot Educated Today 👨🏻‍🏫 Contact us Today for your Pre-Storm Inspection 🔍,3,1,1,https://www.facebook.com/MightyDogRoofingCentralFlorida/posts/pfbid02mjMXhUqPaqRgbAR5gFo5L3yTpgUfLL3EFBajKbox8qWMixdm4Fea56EiAmfsoGkyl
Jack Hall Jr's Construction Aluminum,2026-09-02T12:46:59.000Z,"https://jackhalljr.com/sunroom-conversions-in-sebring-florida-4/ #enclosures, #florida, #insulatedpatioroof, #jackhalljrsconstruction, #patiowindows, #sebring, #sunrooms,",0,0,0,https://www.facebook.com/reel/1261652609385734/
Jack Hall Jr's Construction Aluminum,2026-09-02T12:45:51.000Z,"https://jackhalljr.com/sunroom-conversions-in-sebring-florida-4/ #enclosures, #florida, #insulatedpatioroof, #jackhalljrsconstruction, #patiowindows, #sebring, #sunrooms,",0,0,0,https://www.facebook.com/JackHallJrsConstructionAluminum/posts/pfbid02p3TtM81XnJXBnybxynSBiZdVCbsz2fi81K5uw9bHMKcQtbXw4RQMyqgKTDriLpACl
Jack Hall Jr's Construction Aluminum,2026-09-02T12:16:13.000Z,"https://jackhalljr.com/professional-re-screening-in-sebring-florida/ #florida, #jackhalljrsconstruction, #re-screen, #screenreplacement, #sebring, #solarscreen, #screenrooms,",0,0,0,https://www.facebook.com/JackHallJrsConstructionAluminum/posts/pfbid022nvincDhCqd7vgMvRm2Pk21wA7dvKSpUdv4jPsPfffQpJeDvkAbAy9U5FiZFuURql
JHI Roofing,2026-06-24T12:56:43.000Z,"Building from the ground up? Your project deserves a roof that stands the test of time, weather, and market value. At JHI Roofing, we are proud to be recognized as one of the largest and most trusted roofing companies in Florida, delivering unmatched premium craftsmanship and technical expertise.  Whether you are a homeowner or managing a massive commercial development, we’ve got you covered!  Get a 100% FREE professional inspection and comprehensive estimate—no hidden fees, no obligations.  For Large-Scale Projects & Commercial Developers: We specialize in high-volume, complex structural builds and commercial real estate. Contact our enterprise team today to unlock exclusive corporate conditions and special pricing tailored to your project’s scale.  Call: (407) 928-4544 https://jhiroofing.com/our-service/",2,0,0,https://www.facebook.com/reel/1030084869479345/
JHI Roofing,2026-06-11T21:01:17.000Z,"Worried about your roof after the recent Florida weather? Leaks, missing shingles, or hidden structural damage can turn into major headaches if left ignored.  Don't wait for a costly emergency to find out! At JHI Roofing, we deliver premium craftsmanship, total transparency, and reliable protection for your home or business.  Take advantage of our limited-time offer: Get a 100% FREE professional roof inspection and accurate estimate—completely on us. No hidden fees, no obligation.  Why homeowners trust JHI:  Detailed structural and leak inspections.  Top-tier materials built to withstand heavy winds and storms.  Dedicated, licensed, and hassle-free service.  Secure your free inspection today! Click the link in our bio to visit our website and schedule your visit https://repair.jhiroofing.com/  Protect your biggest asset before the next big storm hits!",4,0,0,https://www.facebook.com/reel/1667724304491266/
RIG Roofing,2026-08-07T19:37:00.000Z,,2,0,2,https://www.facebook.com/RIGroofing/posts/pfbid0FXWubi2m3BuzyA1U4CzfCoJoywsqijihCqJGA5TupYeojP2Mr4TPvAFzVVHQBiBtl
RIG Roofing,2026-08-06T16:00:47.000Z,"No more spending unneeded time on the phone. No more waiting. R.I.G. Roofing makes it easier than ever for you book roofing services completely online!  * Fast. * Simple. * No hassle.  Choose your date & time, schedule, done. Try it now at RIGroofing.com  #RIGRoofing  #OnlineScheduling #BookOnline #RoofingContractor #RoofRepair #RoofReplacement #RoofEstimate",5,0,2,https://www.facebook.com/reel/1989781891706243/
RIG Roofing,2026-08-04T13:07:02.000Z,"🎉👏 A huge congratulations to Francisco “Frankie” Delgado for being our July 2026 Sales Leader of the Month! 🏆🔥  Frankie’s positive attitude, work ethic, and commitment to  serving continue to set the standard at RIG Roofing. He's always going the extra mile to make sure every customer feels informed, cared for, and confident during their roofing project. 💚🏡  His passion for what he does inspires us all and we’re honored to have him as part of the RIG Roofing family!   𝐂𝐨𝐧𝐜𝐞𝐫𝐧𝐞𝐝 𝐚𝐛𝐨𝐮𝐭 𝐲𝐨𝐮𝐫 𝐫𝐨𝐨𝐟? 𝐒𝐜𝐡𝐞𝐝𝐮𝐥𝐞 𝐚 𝐅𝐑𝐄𝐄 𝐀𝐬𝐬𝐞𝐬𝐬𝐦𝐞𝐧𝐭 𝐚𝐭 𝐑𝐈𝐆𝐫𝐨𝐨𝐟𝐢𝐧𝐠.𝐜𝐨𝐦 𝐨𝐫 𝐜𝐚𝐥𝐥 𝟖𝟔𝟑-𝟐𝟗𝟒-𝟒𝟒𝟕𝟕  #roofingcontractor #TeamworkMakesTheDreamWork #roofexpert #NewRoof #CustomerService #RoofRepair",9,1,5,https://www.facebook.com/reel/28209157198709484/
Mighty Dog Roofing of Central Florida,2026-06-21T14:30:03.000Z,"Happy Father’s Day to all the dads helping keep their homes strong, safe, and running smoothly every day. 👏  Today’s for you.  #MightyDogRoofing #FathersDay #Home",3,0,1,https://www.facebook.com/MightyDogRoofingCentralFlorida/posts/pfbid0WdpPngPGSKLEczoVExwyvL1n7LBkSPMvEaX3aLpyvf8nG6G6fo1RG9jSxCRSwvNEl
Mighty Dog Roofing of Central Florida,2026-06-19T13:02:03.000Z,"Your roof works hard all year long.  Summer is one of the best times to take care of repairs, upgrades, or maintenance before the busy fall season arrives.  Schedule your consultation today.  #MightyDogRoofing #RoofMaintenance #HomeProjects",3,0,1,https://www.facebook.com/MightyDogRoofingCentralFlorida/posts/pfbid0GRieaao2oKVexm6tbWcPV7YW4of7qLuhrVadzfARaPMaTNVQUxQfyWddhofR8ZyPl
Mighty Dog Roofing of Central Florida,2026-06-17T17:31:29.000Z,"Summer storms have entered the group chat ⛈️🐾  Before, during, or after the storm hits — Mighty Dog Roofing is here when you need us most.  Book your inspection today and stay ready for whatever rolls through.  #MightyDogRoofing #StormPrep #RoofInspection",2,0,0,https://www.facebook.com/reel/1571481677677870/
Central Florida Exterior Inc.,2026-07-21T16:06:00.000Z,,0,0,0,https://www.facebook.com/cfexterior/posts/pfbid0PWEq7BCkhf7rN4re8iHKgeETJx2ub3nYUUJs9JyCGV8EEVQKcWLM6Y2KJW2VDeBel
Central Florida Exterior Inc.,2026-07-21T12:14:18.000Z,"At CFE, we don’t just install beautiful metal roofs—we also do exceptional siding work! We’re so thankful for our installers and the pride they put into every project.  Hardie siding is a great investment for your home. Made with 90% concrete and built to withstand 150+ MPH winds, it’s made to handle the tough Florida elements while still looking amazing!  We’re grateful for every opportunity to serve our customers. Give Central Florida Exterior a call at 813-478-9229 for your free estimate!  #exteriorcontractor #centralflorida",11,0,2,https://www.facebook.com/cfexterior/posts/pfbid0nJE9xUGccaEmhLZuhrtDEDXTpt63FDyCMFoBcstpNr1HMGetg8qM5Jaujvu9a2tfl
Central Florida Exterior Inc.,2026-07-20T11:44:21.000Z,Happy Monday! ☀️  Start your week by investing in something that protects what matters most. This beautiful Worthouse Metal Tile Roof delivers the timeless look of tile with the unmatched strength of steel.  Here’s to another week of building roofs that are made to last. 🏡🤝  📞 813-478-9229 🌐 cfexterior.com,6,1,4,https://www.facebook.com/cfexterior/posts/pfbid031obDLz5rNq3gtP4NVoAR1PZhmgNqmifYuYVs2jeAxTPVEVjmab4JC1vWT8PUF9bcl
Jack Hall Jr's Construction Aluminum,2026-09-02T12:15:55.000Z,"https://jackhalljr.com/professional-re-screening-in-sebring-florida/ #florida, #jackhalljrsconstruction, #re-screen, #screenreplacement, #sebring, #solarscreen, #screenrooms,",0,0,0,https://www.facebook.com/JackHallJrsConstructionAluminum/posts/pfbid02CB7yJW4fGVZBrnR1qq5xTiqdhV7yG38VSupRTqVKehz5hovjno7aoyLHsao6tVaSl
Jack Hall Jr's Construction Aluminum,2026-09-01T16:53:24.000Z,"https://jackhalljr.com/hurricane-shutters-in-lakeland-florida/ #florida, #hurricaneprotection, #hurricaneshutters, #impactwindows, #jackhalljrsconstruction, #lakeland, #rolldownshutters, #stormpanels,",0,0,0,https://www.facebook.com/reel/1050474050946566/
Jack Hall Jr's Construction Aluminum,2026-09-01T16:52:20.000Z,"https://jackhalljr.com/hurricane-shutters-in-lakeland-florida/ #florida, #hurricaneprotection, #hurricaneshutters, #impactwindows, #jackhalljrsconstruction, #lakeland, #rolldownshutters, #stormpanels,",0,0,0,https://www.facebook.com/JackHallJrsConstructionAluminum/posts/pfbid0QAu8cvNyLuLiEKEafMjt971Tkf3hrSCp7VWkBrxp8vPyf4K8pjfyqTfdtxW17BZtl
RIG Roofing,2026-08-04T13:04:47.000Z,"At a Davenport home, we replaced worn shingles, enhancing durability and boosting curb appeal.",0,0,0,https://www.facebook.com/RIGroofing/posts/pfbid02QF3mhQAFC3JcaQLzSSgLiqrDt32v6dyCqRbxvKbWtj63F1uoTADMS9aEcb2asa95l
RIG Roofing,2026-08-03T13:00:50.000Z,"Receiving feedback like this is why we do what we do. Thank you, Jaime, for choosing R.I.G. Roofing and for taking the time to share your kind words.  From the first meeting to our workmanship and the final walk through we strive to make every roof replacement as stress-free as possible.   Your recommendation and support mean so much to us.  If you've had a positive experience with R.I.G. Roofing, we'd love to hear from you! Your review can help others choose a roofing contractor they can trust. Roofing.com/about/reviews  Have roofing worries? Schedule a FREE No-Obligation Roof Estimate with us. 📲 (863) 294-4477 🌐 RIGRoofing.com  #RIGRoofing #CustomerReview #RoofReplacement #OneDayRoof #FloridaHomes #RoofingContractor #HomeImprovement #TrustedContractor",3,0,1,https://www.facebook.com/reel/2049835259236856/
RIG Roofing,2026-07-31T17:43:53.000Z,,7,0,1,https://www.facebook.com/RIGroofing/posts/pfbid02tPQrUgBbXoseYqfyNa77KwM253wfXZeehk3W3D7fibBNkUzoEtMTcdBVeRL3nLRbl
"1st Class Roofing, Inc.",2026-07-09T23:41:23.000Z,"Here’s a shorter version:  Small roof problems don’t stay small for long.  A minor leak can quickly turn into costly water damage, mold, and bigger repairs. Taking care of it early can save you time, money, and stress.  At 1st Class Roofing, we repair and replace shingle, metal, tile, and flat roofs. If something doesn’t look right, let us take a look before it gets worse.  #1stClassRoofing #RoofRepair #FloridaRoofing #PolkCountyFL #RoofInspection",8,0,3,https://www.facebook.com/reel/1498247398228785/
"1st Class Roofing, Inc.",2026-07-08T16:10:27.000Z,"Some roof problems are easy to spot. Others hide in plain sight until they become expensive repairs.  Knowing what to look for can help you catch small issues before they become major headaches. Save this post for later, and if you notice any of these warning signs, it's worth scheduling an inspection before the next storm rolls through.   #RoofTips #1stClassroofing  #RoofInspection #CentralFlorida #HomeMaintenance",1,0,2,https://www.facebook.com/1stClassRoofingInc/posts/pfbid02LiAqZCH3a2foApv1PHMUgseSYLa3GtCwWoHe1vL7bL1de7nHVRonw8eGr2PqaR2Fl
"1st Class Roofing, Inc.",2026-07-07T15:57:35.000Z,Having a blast at Auburndale Time Out Tuesday - Bounce Houses and Tattoos.,12,0,2,https://www.facebook.com/reel/2234321334031906/
RIG Roofing,2026-07-31T13:00:46.000Z,"🏠 Florida Weather Is Tough On Your Roof  Heat, storms, rain, and humidity can lead to hidden roofing problems before you ever notice a leak.  Spotting damage early can help prevent expensive repairs down the road.  Learn the most common roofing problems to watch for: 👉 https://rigroofing.com/blog/common-roofing-problems-in-florida  👉 Free estimate at RIGroofing.com 📲 863-294-4477  #RIGRoofing #FloridaRoofing #RoofRepair #RoofMaintenance #LakelandFL #HomeProtection #StormDamage",0,0,1,https://www.facebook.com/RIGroofing/posts/pfbid02XNWzzhayzqyFHBLepDguGVJ2QwtrJWKc6jo5pDCXSHJcsa4DUFE5rLXNq8GRZEbKl
RIG Roofing,2026-07-28T13:06:56.000Z,"Aging shingles prompted a complete roof replacement in Auburndale, enhancing durability and curb appeal.",1,0,0,https://www.facebook.com/RIGroofing/posts/pfbid05peWdA8LDvKiFwhbeeoJPezFvzNSiJW13rEwuh3mQGwbtAzrG1LGVNeQHa2Mi3U5l
RIG Roofing,2026-07-28T13:00:46.000Z,"We understand that timing matters, especially when you’re in the middle of a home closing.  Thank you, Cheryl, for choosing R.I.G. Roofing and for taking the time to share your experience.  If we’ve helped you with your roofing needs, we’d love to hear your story as well. Your feedback helps other homeowners make confident, informed decisions.  Ready to move forward with your roofing needs? We'd love to help by starting with a FREE, No-obligation Estimate.  📲 (863) 294-4477 🌐 RIGRoofing.com  #CustomerReview #RoofingEstimate #roofrepair #roofreplacement #RoofingContractor #CustomerService",2,0,0,https://www.facebook.com/reel/2189501421830786/
Central Florida Exterior Inc.,2026-07-17T12:04:01.000Z,The details on this one🤩  #centralflorida #metalroofing,10,0,2,https://www.facebook.com/cfexterior/posts/pfbid0e98V5kQ2ksCQ8KzCzJE6DMgyC6Mm425xrqd1Sm9hVK6NtASNQPvdHF5UN2dBYLSBl
Central Florida Exterior Inc.,2026-06-30T19:23:55.000Z,"We recently completed this stunning black standing seam metal roof, giving this home a timeless look with the durability to handle Florida’s toughest weather.  We’re incredibly grateful and feel truly blessed to have the opportunity to earn our customers’ trust and be a part of projects like this. Thank you for choosing Central Florida Exterior.  Family Owned Since 2000.  Stay tuned—this is just the beginning. We’ve got more exciting updates from this project coming soon! 👀  If you or anybody you know is looking for a new metal roof, we would love to give you a free estimate. Call us at any time at 813-478-9229￼",22,6,10,https://www.facebook.com/cfexterior/posts/pfbid02zhA4veRvUtRkiidc8GNfQcszukHN6jeXiYbAA3RQSocYEmmdamjN2wZrrwoV5FqTl
Central Florida Exterior Inc.,2026-06-29T16:48:59.000Z,"Amazing week ahead! Our residential roofing crew is kicking off a new house in Tampa today. At CFE, we're driven by a passion to deliver exceptional service, wrapping every customer in the warmth and care of family. If you or someone you know in central Florida is seeking a top-notch roof makeover, invite them to reach out to Central Florida Exterior for a complimentary estimate, and let's collaborate to make their dream home shine. Call us anytime at 813-478-9229  #metalroofingspecialists",14,2,4,https://www.facebook.com/cfexterior/posts/pfbid02W6URTHsnZXrUQAJ3ttTkMnVZT7SvEdjpMz4HhoHasjFtVinbL9H2BfPySXDfUcHYl
Central Florida Exterior Inc.,2026-06-25T19:24:02.000Z,,0,0,0,https://www.facebook.com/cfexterior/posts/pfbid02ksZ7hq34QUhM4VCFNX7cJJUFj5GP3h2DQiaZcD4vAkaYNJeZXUnhhsYVztMfbAF8l
Central Florida Exterior Inc.,2026-06-25T16:20:18.000Z,"True or False:  “Metal roofs are too expensive.”  FALSE  As a homeowner, it’s easy to focus on the upfront cost—but the bigger question is: What will your roof cost you over time?  In Florida, many shingle roofs need to be replaced every 10–15 years due to the heat, storms, and harsh weather conditions we experience year after year. A properly installed metal roof is an investment in your home’s future—engineered for winds up to 165 MPH, designed to withstand Florida’s toughest weather, and built to protect your family for decades.  Would you rather plan for another roof replacement in 10–15 years, OR, Invest once in a roof built to last a lifetime?  Since 2000, we’ve been helping Central Florida homeowners make informed decisions about protecting what matters most: their homes and families.  #metalroofingexperts #centralflorida #familyowned",4,0,10,https://www.facebook.com/cfexterior/posts/pfbid0G4e8GEVRnaDvmHNioLYMCecYtgpKbg39FkeEYrtmtNAt3pfnvirxbuCxzGJz7AsBl
Straight Forward Construction,2026-09-08T19:11:05.000Z,"Upgrade your home with a durable 26-gauge standing seam metal roof! Built to withstand Florida's heat, heavy rain, and harsh weather. Long-lasting durability, energy-efficient performance, modern clean appearance, low maintenance, superior protection against the elements. Contact us today for a free estimate! 863.289.6654",28,3,7,https://www.facebook.com/reel/1088949100298885/
Straight Forward Construction,2026-08-21T14:26:35.000Z,"Strong Protection Starts at the Top! Upgrade your property with a durable Modified Bitumen Roofing System, designed to provide excellent waterproofing, flexibility, and long-lasting protection against the elements. Built for durability, excellent leak resistance, ideal for flat and low-slope roofs, professional installation available. Give your building the protection it deserves. Contact us today for a free estimate! 863.289.6654",9,2,3,https://www.facebook.com/reel/1737182750666199/
